action_closedoors | Close All Doors | Закрыть Все Двери
action_closevents | Close All Vents | Закрыть Все Клапаны
action_opendoors | Open All Doors | Открыть Все Двери
action_openvents | Open All Vents | Открыть Все Клапаны
analyticsconsentdialog_accept | Accept | Принять
analyticsconsentdialog_moreinfo | More Info... | Подробнее...
analyticsconsentdialog_reject | Reject | Отклонить
analyticsconsentdialog_text | We need to collect usage data to help us to better understand how people are playing and to help us to improve the game. \n\nWe do not collect any personally identifiable information. If you are OK with this please hit the Accept button. | Нам необходимо собирать данные об использовании, чтобы лучше понимать, как люди играют, и улучшать игру. \n\nМы не собираем никакой личной информации. Если вы согласны с этим, пожалуйста, нажмите кнопку Принять.
analyticsconsentdialog_title | Collection of Telemetry Data | Сбор Телеметрических Данных
award_rewards | Rewards | Награды
battle_title | BATTLE | БИТВА
boost_airrecyclingefficiency | Air Recycling Efficiency +*X% | Эффективность Переработки Воздуха +*X%
boost_dronespeed | Drone Top Speed +*X% | Максимальная Скорость Дронов +*X%
boost_harvestingyield | Crop Yield +*X% | Урожайность +*X%
boost_reactorefficiency | Reactor Efficiency +*X% | Эффективность Реактора +*X%
boost_recyclingefficiency | Recycling Efficiency *X% | Эффективность Переработки *X%
boost_robotarmspeed | Robot Arm Speed +*X% | Скорость Руки Робота +*X%
boost_smelterefficiency | Smelter Efficiency +*X% | Эффективность Плавильной Печи +*X%
boost_trackspeed | Track Speed +*X% | Скорость Конвейера +*X%
boost_wasterecyclingefficiency | Waste Recycling Efficiency +*X% | Эффективность Переработки Отходов +*X%
boost_waterrecyclingefficiency | Water Recycling Efficiency +*X% | Эффективность Переработки Воды +*X%
buynow_button | BUY NOW | КУПИТЬ СЕЙЧАС
calltoarms_harken_1 | Captain, I'm the chief of security for this sector, and I need your help. | Капитан, я начальник безопасности этого сектора, и мне нужна ваша помощь.
calltoarms_harken_2 | All across the sector, there are people in trouble who need our assistance. | По всему сектору есть люди в беде, которым нужна наша помощь.
calltoarms_harken_3 | I'm spread too thin. I can't be everywhere. You're more than capable, and I'll be there to offer advice when I can. | Я слишком перегружен. Не могу уследить за всем. Ваших способностей достаточно, и я буду рядом, чтобы дать совет, когда смогу.
calltoarms_harken_4 | If you chose to help, I've marked the locations on your map, as GOLD HIGHLIGHTS. | На случай, если вы решите помочь, я отметил местоположения на вашей карте ЗОЛОТЫМИ МАРКЕРАМИ.
calltoarms_harken_5 | Thank you, Captain. | Спасибо, Капитан.
calltoarms_harkenrailroad_1 | My name is Commander Harken, and I'm the Chief of Private Security for the sector. | Меня зовут Командир Харкен, и я Начальник Частной Безопасности сектора.
calltoarms_harkenrailroad_2 | There is a crisis underway, Captain.  Commercial vessels are going missing, all across the sector.  I suspect foul play, and I need your help to investigate. | Происходит кризис, Капитан.  Торговые суда пропадают по всему сектору.  Я подозреваю нечестную игру, и мне нужна ваша помощь для расследования.
calltoarms_harkenrailroad_3 | We've recieved reports of a shipwreck nearby. I believe it to be the wreckage of THE INTERSTELLAR PROSPECTOR - a large commercial vessel that went missing yesterday. | Мы получили сообщения о кораблекрушении поблизости. Я полагаю, что это обломки THE INTERSTELLAR PROSPECTOR - большого торгового судна, пропавшего вчера.
calltoarms_harkenrailroad_4 | Travel to the shipwreck and look for a Black Box Flight Recorder in the wreckage.  This device will contain a log of their final moments. | Отправляйтесь к месту кораблекрушения и ищите Бортовой Самописец в обломках.  Это устройство будет содержать записи их последних моментов.
calltoarms_harkenrailroad_5 | To collect the flight recorder you'll need to install a DRONE BAY and at least one LOGISTICS DRONE. You can buy them from any Shipyard or Colony. | Чтобы собрать Бортовой Самописец, вам нужно установить ОТСЕК ДЛЯ ДРОНОВ и как минимум один ЛОГИСТИЧЕСКИЙ ДРОН. Вы можете купить их на любой Верфи или Колонии.
calltoarms_harkenrailroad_6 | I've marked the location of the shipwreck on your map as a Gold Highlight.  Good luck, Captain. | Я отметил местоположение кораблекрушения на вашей карте как Золотой Маркер.  Удачи, Капитан.
communicator_incomingcall | INCOMING HAIL... | ВХОДЯЩИЙ ВЫЗОВ...
communicator_newobjective | NEW OBJECTIVE | НОВАЯ МИССИЯ
communicator_outgoingcall | CALLING... | ВЫЗОВ...
creditstitle_builders | Ship Builders | Создание Кораблей
creditstitle_testers | Early Play Testing | Игровое Тестирование
creditstitle_translators | Translation | Перевод
debugbuildpanel_armour | Armour | Броня
debugbuildpanel_cable | Cable | Кабель
debugbuildpanel_damage | Damage | Повреждение
debugbuildpanel_entity | Entity | Сущность
debugbuildpanel_equipment | Equipment | Оборудование
debugbuildpanel_floor | Floor | Пол
debugbuildpanel_frame | Frame | Рама
debugbuildpanel_habitation | Habitation | Жилье
debugbuildpanel_hull | Hull | Корпус
debugbuildpanel_interior | Interior | Интерьер
debugbuildpanel_pipe | Pipe | Труба
debugbuildpanel_scaffold | Scaffold | Каркас
debugbuildpanel_wall | Wall | Стена
designation_civilian | Civilian | Гражданский
designation_crewquarters | Crew Quarters | Каюты Экипажа
dialogcomponent_button | Button | Кнопка
dialogcomponent_canvas | Canvas | Холст
dialogcomponent_caption | Caption | Заголовок
dialogcomponent_checkbox | Checkbox | Флажок
dialogcomponent_container | Container | Контейнер
dialogcomponent_custom | Custom | Пользовательский
dialogcomponent_dropdownmenu | DropDownMenu | Выпадающее Меню
dialogcomponent_iconbox | IconBox | Окно Иконки
dialogcomponent_inputfield | InputField | Поле Ввода
dialogcomponent_inputslider | InputSlider | Ползунок Ввода
dialogcomponent_progressbar | ProgressBar | Полоса Прогресса
dialogcomponent_scrollbar | Scrollbar | Полоса Прокрутки
dialogcomponent_selectionlist | SelectionList | Список Выбора
dialogcomponent_selectionlistitem | SelectionListItem | Элемент Списка Выбора
dialogcomponent_titlecaption | TitleCaption | Заголовок Окна
dialogeditor_back | Back | Назад
dialogeditor_background | BG img | Фоновое Изображение
dialogeditor_caption | Caption | Заголовок
dialogeditor_component | Component | Компонент
dialogeditor_create | Create | Создать
dialogeditor_front | Front | Передний
dialogeditor_grid | Grid | Сетка
dialogeditor_panel | Panel | Панель
dialogeditor_reloadlanguage | Reload Language | Перезагрузить Язык
dialogeditor_select | Select | Выбрать
dialogeditor_test | Test | Тест
dialogeditor_title | Dialog Editor | Редактор Диалогов
dialogeditor_window | Window | Окно
dialogposition_absolute | Absolute | Абсолютная
dialogposition_relative | Relative | Относительная
dialogposition_scaled | Scaled | Масштабированная
ellipsis | ... | ...
engine_thrust | THRUST *X% | ТЯГА *X%
entity_dead | DEAD | МЕРТВ
entity_death_co2poisoning | Carbon Dioxide | Углекислый Газ
entity_death_dehydration | Dehydration | Обезвоживание
entity_death_injury | Fatal Injury | Смертельная Травма
entity_death_radiation | Radiation | Радиация
entity_death_starvation | Starvation | Голод
entity_death_suffocation | Suffocation | Удушье
entity_dehydrated | DEHYDRATED | ОБЕЗВОЖЕН
entity_fainted | FAINTED | В ОБМОРОКЕ
entity_radiation | IRRADIATED | ОБЛУЧЕН
entity_stunned | STUNNED | ОГЛУШЕН
entity_suffocating | SUFFOCATING | ЗАДЫХАЕТСЯ
entity_suitrequired | SUIT REQUIRED | ТРЕБУЕТСЯ СКАФАНДР
entity_unconscious | UNCONSCIOUS | БЕЗ СОЗНАНИЯ
episode_awardreceived | AWARD RECEIVED | НАГРАДА ПОЛУЧЕНА
episode_episodecompleted | EPISODE COMPLETED | ЭПИЗОД ЗАВЕРШЕН
episode_part1 | PART 1 | ЧАСТЬ 1
episode_part2 | PART 2 | ЧАСТЬ 2
episode_part3 | PART 3 | ЧАСТЬ 3
episode_part4 | PART 4 | ЧАСТЬ 4
episode_part5 | PART 5 | ЧАСТЬ 5
evacuationobjective_accepted1 | Every colonised planet you visit will have civilians in need of evacuation. | Каждая колонизированная планета, которую вы посетите, будет иметь гражданских, нуждающихся в эвакуации.
evacuationobjective_accepted2 | You will need to expand your habitation deck and even upgrade to a larger ship eventually. | Вам нужно будет расширить вашу жилую палубу и даже перейти на корабль побольше в конечном итоге.
evacuationobjective_award | EVACUATION REWARD | НАГРАДА ЗА ЭВАКУАЦИЮ
evacuationobjective_description1 | Some of our scientists don't believe the void collapse can ever be stopped. | Некоторые из наших ученых не верят, что коллапс пустоты когда-либо можно будет остановить.
evacuationobjective_description2 | If that's true then billions of people are going to need evacuation from our home planets. | Если это правда, то миллиарды людей потребуют эвакуации с наших родных планет.
evacuationobjective_description3 | There has never been an evacuation of so many people at once. | Никогда не было эвакуации такого количества людей одновременно.
evacuationobjective_description4 | And we don't even know where we can go that will be safe. | И мы даже не знаем, куда мы можем отправиться, чтобы быть в безопасности.
evacuationobjective_nextbonus | Next bonus upon evacuation of *X civilians : $*Y. | Следующий бонус при эвакуации *X гражданских: $*Y.
evacuationobjective_success | Evacuated *X civilians | Эвакуировано *X гражданских
evacuationobjective_successbonus | Evacuated *X civilians. Funding bonus $*Y. | Эвакуировано *X гражданских. Бонус финансирования $*Y.
evacuationobjective_title | SPECIAL MISSION: EVACUATION | ОСОБАЯ МИССИЯ: ЭВАКУАЦИЯ
evacuationobjective_total | You have evacuated *X civilians from doomed home worlds. | Вы эвакуировали *X гражданских с обреченных родных миров.
factory_stockpileoutput | STOCKPILE | НАКАПЛИВАТЬ
factory_stockpileoutput_tooltip | STOCKPILE\n\nWhen ticked, the produced items will be immediately unloaded into any cargo storage area, stockpiling the item.\n\nIf unticked, the produced item will remain until it is used somewhere, or until there is specific cargo space available. | НАКАПЛИВАТЬ\n\nКогда отмечено, произведенные предметы будут немедленно выгружены в любую область хранения груза, накапливая предмет.\n\nЕсли не отмечено, произведенный предмет останется до тех пор, пока не будет где-то использован, или пока не будет доступно конкретное грузовое пространство.
feedback_button | Give Feedback | Оставить Отзыв
filedialog_title | Choose a File | Выберите Файл
format_currency | $*X | $*X
format_per_square | *X / sq | *X / кв
ftl_galacticjump | This will be the final journey of your fleet.\nBe prepared for a long journey to the Andromeda galaxy, and save as many as you can! | Это будет последнее путешествие вашего флота.\nГотовьтесь к долгому пути в галактику Андромеды и спасите как можно больше.
hudmode_external | EXTERNAL | ВНЕШНИЙ
hudmode_multisystemsimulation | MULTISYSTEM SIMULATION | МУЛЬТИСИСТЕМНАЯ СИМУЛЯЦИЯ
hudmode_tactical | TACTICAL | ТАКТИКА
intergalactic_travel | INTERGALACTIC TRAVEL | МЕЖГАЛАКТИЧЕСКОЕ ПУТЕШЕСТВИЕ
interstellar_travel | INTERSTELLAR TRAVEL | МЕЖЗВЕЗДНОЕ ПУТЕШЕСТВИЕ
language_helpustranslate | Help Us Translate! | Помогите Нам С Переводом!
language_system | System | Системный
legal_button | Legal Information | Юридическая Информация
loader_auto | AUTO | АВТО
loader_mode_load | Load | Загрузить
loader_mode_stop | Stop | Стоп
loader_mode_unload | Unload | Выгрузить
logistics_tooltip_cancel_transfer | [RMB] Cancel 1 from *X | [ПКМ] Отменить 1 из *X
logistics_tooltip_modifiers | Modifiers: | Модификаторы:
logistics_tooltip_transfer | [LMB] Transfer 1 from *X | [ЛКМ] Передать 1 из *X
logisticswindow_title | LOGISTICS | ЛОГИСТИКА
missions_title | CONTRACTS | КОНТРАКТЫ
newplayerhelp_fuelpipe | <FUEL PIPE | <ТОПЛИВНАЯ ТРУБА
nomadobjective_accepted1 | You will need to turn your ships into a long term self sufficient fleet. | Вам нужно будет превратить ваши корабли в долгосрочный самодостаточный флот.
nomadobjective_accepted2 | Bring as many people with you as you can, and don't look back. | Возьмите с собой столько людей, сколько сможете, и не оглядывайтесь назад.
nomadobjective_award | NOMAD REWARD | НАГРАДА КОЧЕВНИКА
nomadobjective_current | You currently have *X residents within your fleet. | В настоящее время в вашем флоте *X жителей.
nomadobjective_description1 | It's possible we won't ever be able to stop the void collapse anomaly. | Возможно, мы никогда не сможем остановить аномалию коллапса пустоты.
nomadobjective_description2 | It may just keep expanding forever. There may be nowhere safe for us to stop. | Она может просто продолжать расширяться вечно. Может не быть безопасного места для остановки.
nomadobjective_description3 | In which case we need to get used to living on self sufficient ships, indefinitely. | В таком случае нам нужно привыкнуть жить на самодостаточных кораблях бесконечно долго.
nomadobjective_nextbonus | Next bonus when population reaches *X residents - $*Y. | Следующий бонус, когда население достигнет *X жителей - $*Y.
nomadobjective_success | *X fleet residents | *X жителей флота
nomadobjective_successbonus | Population has reached *X residents. Funding bonus $*Y. | Население достигло *X жителей. Бонус финансирования $*Y.
nomadobjective_title | SPECIAL MISSION: NOMAD | ОСОБАЯ МИССИЯ: КОЧЕВНИК
nomadobjective_total | Your highest population was *X residents within your fleet. | Ваше наибольшее население составляло *X жителей в вашем флоте.
opentextcrawl_1 | It is the 23rd century.  Humanity has colonised the stars. | Это 23-й век.  Человечество колонизировало звезды.
opentextcrawl_2 | Millions of people now live off world, sometimes hundreds of light years from Earth. | Миллионы людей теперь живут за пределами мира, иногда в сотнях световых лет от Земли.
opentextcrawl_3 | Word has reached Earth from one such colony. A dark anomaly has been seen, and cannot be explained. | Весть достигла Земли от одной из таких колоний. Темная аномалия была замечена и не может быть объяснена.
opentextcrawl_4 | Where once there was a star, now there is nothing but a black void, slowly expanding. | Там, где когда-то была звезда, теперь нет ничего, кроме черной пустоты, медленно расширяющейся.
opentextcrawl_5 | Those who live nearby call it THE COLLAPSE, and believe it will eventually consume the entire galaxy. | Те, кто живет поблизости, называют это КОЛЛАПСОМ и верят, что в конечном итоге это поглотит всю галактику.
opentextcrawl_6 | There are few who believe them. | Мало кто верит им.
opentextcrawl_7 | Nevertheless, Earth has dispatched you and your crew in the science vessel PRAXIS to investigate. | Тем не менее, Земля направила вас и ваш экипаж на научном судне PRAXIS для расследования.
opentextcrawl_survival_1 | It is the 23rd century.  Humanity has colonised the stars. | Это 23-й век.  Человечество колонизировало звезды.
opentextcrawl_survival_2 | Millions of people now live off world, sometimes hundreds of light years from Earth. | Миллионы людей теперь живут за пределами мира, иногда в сотнях световых лет от Земли.
opentextcrawl_survival_3 | Word has reached Earth from a distant science station. A dark anomaly has been detected, and cannot be explained. | Весть достигла Земли от далекой научной станции. Темная аномалия была обнаружена и не может быть объяснена.
opentextcrawl_survival_4 | Where once there was a star, now there is nothing but a black void, endlessly expanding and consuming everything in its path. | Там, где когда-то была звезда, теперь нет ничего, кроме черной пустоты, бесконечно расширяющейся и поглощающей все на своем пути.
opentextcrawl_survival_5 | Scientists believe it will eventually consume the entire galaxy. | Ученые считают, что в конечном итоге это поглотит всю галактику.
opentextcrawl_survival_6 | There is only one glimmer of hope. A STARGATE project, unfinished and unproven, offers an escape route to a distant Galaxy. | Есть только одна слабая надежда. Проект ЗВЕЗДНЫЕ ВРАТА, незавершенный и непроверенный, предлагает путь к спасению в далекую Галактику.
opentextcrawl_survival_7 | But the scale of the catastrophe is almost too big to comprehend. Only a few will survive. | Но масштаб катастрофы почти слишком велик, чтобы осознать. Выживут лишь немногие.
opentextcrawl_survival_8 | With a new ship and a new crew, you commit yourself to reaching the STARGATE with as many people as you can, before it's too late. | С новым кораблем и новым экипажем вы обязуетесь достичь ЗВЕЗДНЫХ ВРАТ со столькими людьми, сколько сможете, прежде чем будет слишком поздно.
opentextcrawlindustry_1 | It is the 23rd century.  Humanity has colonised the stars. | Это 23-й век.  Человечество колонизировало звезды.
opentextcrawlindustry_2 | Millions of people now live off world, sometimes hundreds of light years from Earth. | Миллионы людей теперь живут за пределами мира, иногда в сотнях световых лет от Земли.
opentextcrawlindustry_3 | The era of massive industrialisation of space has begun, feeding an insatiable desire for energy and metal. | Началась эра массовой индустриализации космоса, питающая ненасытное желание энергии и металла.
opentextcrawlindustry_4 | Powerful businesses control vast swathes of space, backed by untold reserves of wealth. | Могущественные компании контролируют обширные области космоса, поддерживаемые несметными запасами богатства.
opentextcrawlindustry_5 | The CEO of one such company - the INTERSTELLAR MINING CORPORATION - has challenged humanity to build a stargate so powerful it can reach our nearest Galaxy. | Генеральный директор одной из таких компаний - INTERSTELLAR MINING CORPORATION - бросил вызов человечеству построить звездные врата настолько мощные, что они смогут достичь нашей ближайшей Галактики.
opentextcrawlindustry_6 | Trillions of dollars in funding have been set aside. | Триллионы долларов финансирования были отложены.
opentextcrawlindustry_7 | The time is perfect for a small entrepreneurial and industrious team of miners to start a new career - and make their fortune in the stars. | Время идеально для небольшой предприимчивой и трудолюбивой команды шахтеров, чтобы начать новую карьеру - и сколотить состояние в звездах.
opentextcrawlstory_1 | It is the 23rd century.  Humanity has colonised the stars. | Это 23-й век.  Человечество колонизировало звезды.
opentextcrawlstory_2 | Millions now thrive on distant worlds, living hundreds of light years from Earth. | Миллионы теперь процветают на далеких мирах, живя в сотнях световых лет от Земли.
opentextcrawlstory_3 | As space becomes the new frontier, an era of unprecedented exploration and expansion unfolds. | По мере того, как космос становится новым рубежом, разворачивается эра беспрецедентных исследований и экспансии.
opentextcrawlstory_4 | Powerful corporations dominate entire regions, but beyond their reach lies uncharted territory, filled with untold mysteries and boundless opportunities. | Могущественные корпорации доминируют над целыми регионами, но за пределами их досягаемости лежат неизведанные территории, наполненные несказанными тайнами и безграничными возможностями.
opentextcrawlstory_5 | The CEO of the INTERSTELLAR MINING CORPORATION has issued a daring challenge: build a stargate powerful enough to reach our nearest galaxy. | Генеральный директор INTERSTELLAR MINING CORPORATION бросил дерзкий вызов: построить звездные врата, достаточно мощные, чтобы достичь нашей ближайшей галактики.
opentextcrawlstory_6 | With trillions in funding up for grabs, the stage is set for fearless adventurers to forge their own path in the cosmos. | С триллионами финансирования, готовыми к захвату, сцена подготовлена для бесстрашных искателей приключений, чтобы проложить свой собственный путь в космосе.
opentextcrawlstory_7 | Will you rise to the challenge, and chart your own course among the stars? | Примете ли вы вызов и проложите свой собственный курс среди звезд?
order_autotradeactive | Auto Trade | Автоторговля
order_battlestations | Battle Stations | Боевая Тревога
order_exteriorwork | Exterior Work | Внешние Работы
order_fleetlogistics | Fleet Logistics | Логистика Флота
order_gather | Gather Materials | Собр Материалов
order_mining | Mining | Шахтерские Работы
order_none | None | Нет
order_repairhull | Repair Hull | Ремонтные Работы
order_salvage | Gather Salvage | Сбор Обломков
order_shiftwork | Shift Work | Работа Посменно
order_suitson | Suits On | Надеть Скафандры
order_weaponsactive | Weapons Free | Огонь По Противнику
orders_crew | CREW | ЭКИПАЖ
orders_doors | DOORS | ДВЕРИ
orders_logistics | LOGISTICS | ЛОГИСТИКА
origin_community | COMMUNITY | СООБЩЕСТВО
origin_official | OFFICIAL | ОФИЦИАЛЬНЫЙ
origin_shipcommunity | COMMUNITY SHIPS | КОРАБЛИ СООБЩЕСТВА
origin_shipofficial | OFFICIAL SHIPS | ОФИЦИАЛЬНЫЕ КОРАБЛИ
origin_shipsteam | SUBSCRIBED SHIPS ON STEAM WORKSHOP | ПОДПИСАННЫЕ КОРАБЛИ ИЗ МАСТЕРСКОЙ STEAM
origin_shipsteamuser | SHIPS UPLOADED TO STEAM WORKSHOP | КОРАБЛИ ЗАГРУЖЕННЫЕ В МАСТЕРСКУЮ STEAM
origin_shipuser | PLAYER-MADE SHIPS | ПОЛЬЗОВАТЕЛЬСКИЕ КОРАБЛИ
origin_steam | SUBSCRIBED ON STEAM WORKSHOP | ПОДПИСКА ИЗ МАСТЕРСКОЙ STEAM
origin_steamuser | UPLOADED TO STEAM WORKSHOP | ЗАГРУЖЕНО В МАСТЕРСКУЮ STEAM
origin_user | PLAYER-MADE | ПОЛЬЗОВАТЕЛЬСКИЙ
phase_title | Phase *X | Фаза *X
pressanykey | - continue - | - продолжить -
profiler_glfinishcaption | glFinish | glFinish
profiler_name | Name | Имя
profiler_reset | Reset | Сброс
profiler_timings | Timings | Время
profiler_title | Profiler | Профилировщик
profiler_totaltime | Total | Всего
rating_combat | Combat | Боевой
rating_criminal | Criminal | Криминальный
rating_hostilesdestroyed | HOSTILES DESTROYED | ВРАГИ УНИЧТОЖЕНЫ
rating_humanitarian | Humanitarian | Гуманитарный
rating_industry | Industry | Промышленный
rating_logistics | Logistics | Логистический
rating_rank | RANK *X | РАНГ *X
rating_rankincreased | RANK INCREASED | РАНГ ПОВЫШЕН
rating_title_combat | Combat Rating | Боевой Рейтинг
rating_title_criminal | Criminal Rating | Криминальный Рейтинг
rating_title_humanitarian | Humanitarian Rating | Гуманитарный Рейтинг
rating_title_industry | Industry Rating | Промышленный Рейтинг
rating_title_logistics | Logistics Rating | Логистический Рейтинг
rating_word | rating | рейтинг
ratings | RATINGS | РЕЙТИНГИ
recipe_created_in | Created in *X | Создается в *X
recipe_duration | Duration: *X seconds | Длительность: *X секунд
recipe_quantity_required | *X x *Y | *X x *Y
recipe_resources_required | Required resources | Требуемые ресурсы
researchcredit_hint | Load into a Science Station for analysis | Загрузите в Научную Станцию для анализа
samplebank | (Sample Bank) | (Банк Образцов)
samplebankeditor_addsample | Add Sound | Добавить Звук
samplebankeditor_title | Sample Bank Editor | Редактор Банка Образцов
save_autosavewarning_body | This save is likely to be overwritten by the game as you continue playing, so you should create a manual save if you haven't already done so using the "SAVE GAME" option.\n\nThis warning can be disabled in the settings menu. | Это сохранение, скорее всего, будет перезаписано игрой по мере продолжения игры, поэтому вам следует создать ручное сохранение, если вы еще не сделали этого, используя опцию "СОХРАНИТЬ ИГРУ".\n\nЭто предупреждение можно отключить в меню настроек.
save_autosavewarning_header | WARNING: Autosave loaded | ПРЕДУПРЕЖДЕНИЕ: Загружено автосохранение
save_cloudsavefailed_body | The game failed to save to the cloud, the game has been saved locally instead.\n\nPlease check that you have enough storage in the Steam Cloud and try again. | Не удалось сохранить игру в облако, игра была сохранена локально.\n\nПожалуйста, проверьте, что у вас достаточно места в Облаке Steam, и попробуйте снова.
save_cloudsavefailed_header | WARNING: Cloud Save Failed | ПРЕДУПРЕЖДЕНИЕ: Ошибка облачного сохранения
save_demofullgame_load_body | The demo of The Last Starship can only load save games saved with the Demo. | Демо-версия The Last Starship может загружать только сохранения, созданные в Демо-версии.
save_demofullgame_load_header | Full Game Only | Только Полная Версия
save_episodewarning_body | Due to incompatible changes in this version, your progress in active episodes will be reset. | Из-за несовместимых изменений в этой версии ваш прогресс в активных эпизодах будет сброшен.
save_episodewarning_header | WARNING: Episode Progress | ПРЕДУПРЕЖДЕНИЕ: Прогресс Эпизода
save_stargateresetwarning_body | Due to new phases or storylines surrounding the stargate, your stargate progress has been reset. | Из-за новых фаз или сюжетных линий, связанных со Звездными Вратами, ваш прогресс по Звездным Вратам был сброшен.
save_stargateresetwarning_header | WARNING: Stargate Progress | ПРЕДУПРЕЖДЕНИЕ: Прогресс Звездных Врат
save_warning_body | You have loaded a game with a future save format, you may experience that some parts of the game do not work correctly | Вы загрузили игру с будущим форматом сохранения, вы можете столкнуться с тем, что некоторые части игры не работают корректно
save_warning_header | WARNING: Loading future save version | ПРЕДУПРЕЖДЕНИЕ: Загрузка будущей версии сохранения
sector_start | HOME SECTOR | ДОМАШНИЙ СЕКТОР
shipai_closerangeaggressive | AI Controlled - Close Orbit | ИИ Управление - Близкая Орбита
shipai_fastmovingjet | AI Controlled - Strafing Runs | ИИ Управление - Штурмовые Заходы
shipai_longrangesniper | AI Controlled - Long-range | ИИ Управление - Дальняя Дистанция
shipai_mediumrangeorbit | AI Controlled - Medium-range | ИИ Управление - Средняя Дистанция
shipai_strategyverycloseorbit | AI Controlled - Very Close Orbit | ИИ Управление - Очень Близкая Орбита
shiplibrary_affordableonly | Affordable Only | Только Доступные
shiplibrary_hullonly | [EMPTY HULL] | [ПУСТОЙ КОРПУС]
smelt_title | Smelt *X | Переплавить *X
soundchannelviewer_title | Sound Channels | Звуковые Каналы
sounddspeditor_title | DSP Editor | Редактор DSP
soundeditor_attacktitle | Attack | Атака
soundeditor_dsptitle | DSP | DSP
soundeditor_frequencytitle | Frequency | Частота
soundeditor_instancetitle | Instance Type | Тип Экземпляра
soundeditor_loopdelaytitle | Loop Delay | Задержка Цикла
soundeditor_looptitle | Loop Type | Тип Цикла
soundeditor_mindistancetitle | Min Distance | Мин. Дистанция
soundeditor_newdsp | Add DSP | Добавить DSP
soundeditor_nexteventtitle | Next Event | Следующее Событие
soundeditor_play | Play | Воспроизвести
soundeditor_positiontitle | Position Type | Тип Позиции
soundeditor_releasetitle | Release | Освобождение
soundeditor_soundnametitle | Sound Name | Название Звука
soundeditor_sourcetypetitle | Sound Type | Тип Звука
soundeditor_stop | Stop | Стоп
soundeditor_sustaintitle | Sustain | Поддержка
soundeditor_title | Sound Editor | Редактор Звука
soundeditor_volumetitle | Volume | Громкость
soundinstanceeditor_title | Sound Instance Editor | Редактор Экземпляра Звука
soundparametereditor_chaintitle | Chain | Цепь
soundparametereditor_linktitle | Linked To | Связано С
soundparametereditor_smoothing | Smoothing | Сглаживание
soundparametereditor_title | Sound Parameter | Параметр Звука
soundparametereditor_typetitle | Type | Тип
soundparametereditor_updatetitle | Update Type | Тип Обновления
special_dronebatchcollection | Drone Batch Collection | Пакетный Сбор Дронами
special_mininglaseraccuracy | Mining Laser Precision | Точность Шахтерского Лазера
special_mininglaseraccuracy2 | Mining Laser Precision 2 | Точность Шахтерского Лазера 2
special_sectorsurvey | Sector Surveying | Исследование Сектора
special_stargatepart1 | Andromeda Project Phases 1, 2 | Проект Андромеда Фазы 1, 2
special_stargatepart2 | Andromeda Project Phase 3 | Проект Андромеда Фаза 3
special_stargatepart3 | Andromeda Project Phases 4, 5 | Проект Андромеда Фазы 4, 5
special_tracksplitter | Splitter Tracks | Конвейеры Разделителя
speed_paused | PAUSED | ПАУЗА
speed_slow | SLOW | МЕДЛЕННО
stargate_available_subtitle | Phase *X Available | Фаза *X Доступна
stargate_award_subtitle | Phase *X Completed | Фаза *X Завершена
stargate_award_title | STARGATE PROGRESS | ПРОГРЕСС ЗВЕЗДНЫХ ВРАТ
stargate_energy_received | RECEIVED: *X MW | ПОЛУЧЕНО: *X МВт
stargate_energy_required | REQUIRED: *X MW | ТРЕБУЕТСЯ: *X МВт
stargate_help | To submit completed parts to the stargate project, sell them at any trade outpost in the sector | Чтобы передать завершенные части проекту Звездных Врат, продайте их на любом торговом посту в секторе
stargate_jumping | JUMP IN PROGRESS | ПРЫЖОК ВЫПОЛНЯЕТСЯ
stargate_power_button | START | СТАРТ
stargate_power_fraction | SUPPLIED:\n*X MW / *Y MW | ПОДАНО:\n*X МВт / *Y МВт
stargate_power_on_failed | FAILED | ПРОВАЛ
stargate_powered_off | POWERED OFF | ОТКЛЮЧЕНО
stargate_powering_on | STARTING UP | ЗАПУСК
stargate_ready_for_jump | READY FOR JUMP | ГОТОВЫ К ПРЫЖКУ
stargate_testfire_help | Captain, the Stargate is ready for its first test. If supplied with enough power it should provide us access to a nearby uncharted sector. | Капитан, Звездные Врата готовы к первому тесту. Если будет подано достаточно энергии, они должны предоставить нам доступ к близлежащему неисследованному сектору.
stargate_unknowncomponent | Unknown Component | Неизвестный компонент
stargate_unknowncomponent_description | Unlock this component through research! | Разблокируй этот компонент с помощью исследований!
stargate_unlocked_subtitle | Stargate window unlocked | Окно Звездных Врат разблокировано
stargate_warming_up | WARMING UP | РАЗОГРЕВ
stargatesectorwarning_harken_1 | Captain, the new sector needs to be surveyed before your sector map is populated with systems. We have a full scan underway for the sector, once it's completed more locations will be marked on your map. | Капитан, новый сектор необходимо исследовать, прежде чем ваша карта сектора будет заполнена системами. Мы проводим полное сканирование сектора, как только оно будет завершено, на вашей карте появятся новые локации.
stargatesectorwarning_harken_2 | In the systems surveyed so far we've found new resources and severe weather systems, which may be just a glimpse into what awaits us in this sector. | В системах, исследованных до сих пор, мы нашли новые ресурсы и суровые погодные системы, что может быть лишь проблеском того, что ждет нас в этом секторе.
stargatesectorwarning_harken_3 | Who knows what you may find out here. Be careful, Captain. | Кто знает, что вы можете найти здесь. Будьте осторожны, Капитан.
stations_title | STATIONS | СТАНЦИИ
steamstore_button | Visit Steam Store | Посетить Магазин Steam
survey_captionmultiple | *X layers surveying | *X слоев исследуют
survey_captionnone | No survey in progress | Исследование не ведется
survey_captionsingle | Surveyed by *X | Исследуется *X
survey_completed | SURVEY COMPLETED | ИССЛЕДОВАНИЕ ЗАВЕРШЕНО
survey_local_award_caption | *X *Y Unlocked | *X *Y Разблокировано
survey_local_noequipment | NO SUPERCOMPUTERS INSTALLED | НЕ УСТАНОВЛЕНЫ СУПЕРКОМПЬЮТЕРЫ
survey_sector_award_caption | *X available to survey | *X доступно для исследования
survey_sector_award_title | SURVEY AVAILABLE | ИССЛЕДОВАНИЕ ДОСТУПНО
survey_sector_caption | *X scanning region | *X сканирует регион
survey_sector_nothingtoscan | REGION FULLY SCANNED | РЕГИОН ПОЛНОСТЬЮ ОТСКАНИРОВАН
survey_sector_title | SECTOR SCAN | СКАНИРОВАНИЕ СЕКТОРА
survey_title | UNSURVEYED *X | НЕИССЛЕДОВАННЫЙ *X
survey_type_asteroid | Asteroid belt | Астероидный пояс
survey_type_colony | Colony | Колония
survey_type_derelict | Derelict | Заброшенный объект
survey_type_nebula | Nebula | Туманность
survey_type_storm | Storm | Шторм
survivalend_quitmessage | After a long and perilous journey, the survivors emerged into a new and uncharted galaxy.  Those left behind faced a desperate, nomadic life.  But those that made the jump face an even more uncertain future.  Humanity's survival remains on a knife edge... | После долгого и опасного путешествия выжившие оказались в новой и неизведанной галактике.  Те, кто остался позади, столкнулись с отчаянной кочевой жизнью.  Но те, кто совершил прыжок, сталкиваются с еще более неопределенным будущим.  Выживание человечества остается на грани...
survivalend_quitmessage1 | We hope you enjoyed playing the demo of The Last Starship. Your journey has just begun!  Unlock the full game to explore more Story Episodes, Survival Mode, Arena Mode, a full Ship Editor and more! | Мы надеемся, что вам понравилось играть в демо-версию The Last Starship. Ваше путешествие только началось!  Разблокируйте полную версию игры, чтобы исследовать больше Сюжетных Эпизодов, Режим Выживания, Режим Арены, полный Редактор Кораблей и многое другое!
tactical_damaged | DAMAGED | ПОВРЕЖДЕН
tactical_detach_all | DETACH ALL | ОТСТЫКОВАТЬ ВСЕ
tactical_docked | --- DOCKED --- | --- ПРИСТЫКОВАН ---
tactical_evasion | EVASION | УКЛОНЕНИЕ
tactical_fire | FIRE | ОГОНЬ
tactical_hold | HOLD | УДЕРЖИВАТЬ
tactical_lowpower | LOW POWER | НИЗКАЯ МОЩНОСТЬ
tactical_maneuvering | MANEUVERING | МАНЕВРИРОВАНИЕ
tactical_reloading | RELOADING | ПЕРЕЗАРЯДКА
tactical_throttle | THROTTLE | СКОРОСТЬ
tactical_undock | UNDOCK | ОТСТЫКОВАТЬСЯ
tactical_velocity | VELOCITY | СКОРОСТЬ
tactical_weapons | WEAPONS | ОРУЖИЕ
tagline | THE LAST STARSHIP | THE LAST STARSHIP
tiddlet_boxed | Boxed | В Ящике
tiddlet_child | Baby | Малыш
tiddlets3_summary | Assist the Institute with their experiments | Помочь Институту с их экспериментами
toolsmenu_close | Close | Закрыть
toolsmenu_dialogeditor | Dialog Editor | Редактор Диалогов
toolsmenu_spriteeditor | Sprite Editor | Редактор Спрайтов
toolsmenu_title | Tools Menu | Меню Инструментов
tooltip_activating | Activating +*X% | Активация +*X%
tooltip_efficiency | Efficiency +*X% | Эффективность +*X%
translationeditor_english_tooltip1 | Unformatted English phrase | Неформатированная английская фраза
translationeditor_english_tooltip2 | Formatted English phrase | Форматированная английская фраза
translationeditor_english_tooltip3 | This is what you are translating. | Это то, что вы переводите.
translationeditor_english_tooltip4 | You cannot change the English phrases. | Вы не можете изменить английские фразы.
translationeditor_folder | Open Folder | Открыть Папку
translationeditor_folder_tooltip | Opens the folder in which your modified translations are saved.\n\n"language.csv" is the file containing your modified translations. | Открывает папку, в которой сохранены ваши измененные переводы.\n\n"language.csv" - это файл, содержащий ваши измененные переводы.
translationeditor_modified | Modified Phrases | Измененные Фразы
translationeditor_new_tooltip1 | Unformatted new translation | Неформатированный новый перевод
translationeditor_new_tooltip2 | Formatted new translation | Форматированный новый перевод
translationeditor_new_tooltip3 | This is where you can change the translation.\n\nThis will affect your game only, unless you submit your updated translations to Introversion. | Здесь вы можете изменить перевод.\n\nЭто повлияет только на вашу игру, если вы не отправите обновленные переводы в Introversion.
translationeditor_original_tooltip1 | Unformatted original translation | Неформатированный оригинальный перевод
translationeditor_original_tooltip2 | Formatted original translation | Форматированный оригинальный перевод
translationeditor_original_tooltip3 | This is what is currently used in the game. | Это то, что в настоящее время используется в игре.
translationeditor_reset | Revert | Вернуть
translationeditor_reset_tooltip | Resets your modified translation back to the original translation. | Сбрасывает ваш измененный перевод обратно к оригинальному переводу.
translationeditor_unmodified | Unmodified Phrases | Неизмененные Фразы
warning_deliveryblocked | DELIVERY BLOCKED | ДОСТАВКА ЗАБЛОКИРОВАНА
warning_storagerequired | CREATE STORAGE ZONES | СОЗДАЙТЕ ЗОНЫ ХРАНЕНИЯ
warning_suitsrequired | SPACESUITS REQUIRED | ТРЕБУЮТСЯ КОСМИЧЕСКИЕ СКАФАНДРЫ
warning_unbreathable | UNBREATHABLE | НЕПРИГОДНО ДЛЯ ДЫХАНИЯ
welfare_overlay_dehydrated | CREW DEHYDRATED | ЭКИПАЖ ОБЕЗВОЖЕН
welfare_overlay_famished | CREW FAMISHED | ЭКИПАЖ ИЗМОЖДЕН
welfare_overlay_hungry | CREW HUNGRY | ЭКИПАЖ ГОЛОДЕН
welfare_overlay_severely_dehydrated | CREW SEVERELY DEHYDRATED | ЭКИПАЖ СИЛЬНО ОБЕЗВОЖЕН
welfare_overlay_starving | CREW STARVING | ЭКИПАЖ ГОЛОДАЕТ
welfare_overlay_thirsty | CREW THIRSTY | ЭКИПАЖ ИСПЫТЫВАЕТ ЖАЖДУ
wishlist_button | Add to Wishlist | Добавить В Список Желаний
