tiddlets_character_artemis | Prof. Artemis Toppingbury | Профессор Артемис Топпингбери
tiddlets_character_swanson | Dr. Magnus Swanson | Доктор Магнус Свонсон
tiddlets_character_tiddlet | ??? | ???
tiddlets_objective_deadcount | *X Dead tiddlets on board | *X Мертвых Тиддлетов на борту
tiddlets_objective_delivertiddlets | Deliver the Tiddlets to the Institute for Interstellar Lifeforms | Доставить Тиддлетов в Институт Межзвездных Форм Жизни
tiddlets_objective_drone | Purchase at least one Logistics Drone | Купить как минимум один Логистический Дрон
tiddlets_objective_dronebay | Install at least one Drone Bay | Установить как минимум один Отсек Для Дронов
tiddlets_objective_investigate | Investigate asteroid S*X | Исследовать астероид S*X
tiddlets_objective_recovertiddlets | Recover the Tiddlets [*X/*Y] | Собрать Тиддлетов [*X/*Y]
tiddlets_objective_tiddletscount | *X Tiddlets on board | *X Тиддлетов на борту
tiddlets_part1_accept | ACCEPT | ПРИНЯТЬ
tiddlets_part1_death1 | No! Nooooo! Captain what happened? What did you do?? | Нет! Неееет! Капитан, что случилось? Что вы натворили??
tiddlets_part1_death2 | ... | ...
tiddlets_part1_death3 | It looks like they died of shock during the hyperspace jump.  Oh goodness, this is such horrible news.  Did any of them survive? | Похоже, они умерли от шока во время гиперпространственного прыжка.  О боже, это ужасная новость.  Кто-нибудь из них выжил?
tiddlets_part1_death4 | We'll have to be so careful from now on, Captain. I suggest a maximum hyperspace jump range of *X light years while you have these creatures on board. We can't let any more of them perish this way. | Нам придется быть очень осторожными с этого момента, Капитан. Я предлагаю максимальную дальность гиперпространственного прыжка в *X световых лет, пока эти существа находятся на борту. Мы не можем позволить, чтобы еще кто-то погиб таким образом.
tiddlets_part1_deliver | DELIVER TIDDLETS | ДОСТАВИТЬ ТИДДЛЕТОВ
tiddlets_part1_delivered1 | This is the greatest day of my life! | Это величайший день в моей жизни!
tiddlets_part1_delivered2 | To be the first to discover and study an entirely new life form. One native to deep space! Think of all we can learn from these little creatures! | Быть первым, кто обнаружит и изучит совершенно новую форму жизни, родную для глубокого космоса! Подумайте, сколько мы сможем у них узнать!
tiddlets_part1_delivered3 | I mean, you'll get some credit for finding them, of course. But I've waited my whole life for a moment like this. | Вы, конечно, получите признание за находку. Я ждал такого момента всю свою жизнь.
tiddlets_part1_delivered4 | Incredible work, Captain. I can't believe how much we've seen, in such a short period of time. | Невероятная работа, Капитан. Не могу поверить, как много мы увидели за такой короткий период времени.
tiddlets_part1_delivered5 | I've been analysing the onboard sensor data while you've been travelling around.  They don't exhibit any sort of physical mating behaviour, but there is a detectable energy exchange going on, and always between groups of three. | Я анализировал данные бортовых сенсоров, пока вы путешествовали.  Они не проявляют никакого физического брачного поведения, но происходит обнаруживаемый энергетический обмен, и всегда между группами из трех особей.
tiddlets_part1_delivered6 | They must be reproducing through some form of telepathy, and only in triplets, and only in hyperspace!  No wonder they're such a rare creature. | Они, вероятно, размножаются посредством некой телепатии — только тройками и только в гиперпространстве.  Неудивительно, что они редки.
tiddlets_part1_delivered7 | These findings will make an incredible research paper, Captain.  I'll be sure to credit you as the pilot who found the first living specimens.  I would offer to name the creatures after you, but they already have a name, so apologies for not being able to honour that tradition. | Эти открытия станут важной исследовательской работой, Капитан.  Я упомяну вас как пилота, который нашел первые живые образцы.  Предложить назвать вид в вашу честь нельзя — у них уже есть название.
tiddlets_part1_delivered8 | You'll be getting a call from Dr Swanson very soon.  He funds my lab and all of my research.  I've talked him into directing some of our research grant to you, as a fair reward. | Вы очень скоро получите звонок от Доктора Свонсона.  Он финансирует мою лабораторию и все мои исследования.  Я убедил его направить часть нашего исследовательского гранта вам в качестве справедливой награды.
tiddlets_part1_foundtiddlets1 | My gods. You've found them. | Боже мой. Вы нашли их.
tiddlets_part1_foundtiddlets2 | Oh god. They're still alive?? | О боже. Они все еще живы??
tiddlets_part1_foundtiddlets3 | Oh jesus. There's two of them! | О господи. Их двое!
tiddlets_part1_foundtiddlets4 | Captain, you've made an incredible discovery. We have seen these interstellar lifeforms before, on large asteroids deep in uncharted space. But never alive. And you've found a pair! | Капитан, вы сделали невероятное открытие. Мы видели эти межзвездные формы жизни раньше, на больших астероидах глубоко в неисследованном космосе. Но никогда живыми. И вы нашли пару!
tiddlets_part1_foundtiddlets5 | We call them the Tiddlets. | Мы называем их Тиддлеты.
tiddlets_part1_intro1 | What is a ship like yours doing all the way out here? | Что такой корабль, как ваш, делает здесь?
tiddlets_part1_intro2 | Maybe you can help?  I'm looking for creatures that usually live on small isolated asteroids, like the one in this system. | Может быть, вы можете помочь?  Я ищу существ, которые обычно живут на маленьких изолированных астероидах, таких как в этой системе.
tiddlets_part1_intro3 | If you find anything make sure to tell me. | Если найдете что-нибудь, обязательно сообщите мне.
tiddlets_part1_reproduction1 | Oh god, the tiddlets!!! | О боже, Тиддлеты!!!
tiddlets_part1_reproduction2 | Oh my goodness, I hope they're ok! What's happening?? | О боже, надеюсь, с ними все в порядке! Что происходит??
tiddlets_part1_reproduction3 | Are you kidding me! They've... They've reproduced! We've just witnessed an interstellar life form, spontaneously reproducing! | Вы шутите! Они... Они размножились! Мы только что стали свидетелями того, как межзвездная форма жизни спонтанно размножается!
tiddlets_part1_reproduction4 | Oh this is just such incredible news. But what was the condition? Maybe these ones were already fertile and pregnant? Did you see any mating behaviours? I need to do more analysis. | О, это просто невероятная новость. Но каково было условие? Может быть, эти уже были фертильными и беременными? Вы видели какое-либо брачное поведение? Мне нужно провести больше анализов.
tiddlets_part1_reproduction5 | Keep looking Captain. Bring them all back to us when you're done. | Продолжайте поиски, Капитан. Верните их всех к нам, когда закончите.
tiddlets_part1_sendingshuttle | You managed to bring them back? Amazing! I'll be here in a second. | Вам удалось вернуть их? Потрясающе! Я буду здесь через секунду.
tiddlets_part1_setup1 | I should introduce myself. My name is Artemis Toppingbury, and I'm a professor at the Institute of Interstellar Lifeforms.  We've been trying to find a live Tiddlet for years now. | Я должен представиться. Меня зовут Артемис Топпингбери, и я профессор Института Межзвездных Форм Жизни.  Мы пытаемся найти живого Тиддлета уже много лет.
tiddlets_part1_setup2 | This is a massive breakthrough. Bring the Tiddlets on board, carefully, using a Logistics Drone. Once you have them, meet me at the Institute for Interstellar Lifeforms.  We're at Starbase S*X. | Это огромный прорыв. Заберите Тиддлетов на борт, осторожно, используя Логистический Дрон. Как только они у вас будут, встретьтесь со мной в Институте Межзвездных Форм Жизни.  Мы на Звездной Базе S*X.
tiddlets_part1_setup3 | Now we know where to look, we may be able to find more of them in deep space. | Теперь мы знаем, где искать, мы, возможно, сможем найти больше из них в глубоком космосе.
tiddlets_part1_setup4 | The asteroid where you found them has a large iron and aluminium core, with some unusual crystalline structures on the outside. | Астероид, где вы их нашли, имеет большое железное и алюминиевое ядро с необычными кристаллическими структурами снаружи.
tiddlets_part1_setup5 | There are similar asteroids within this sector that have been recorded and scanned.  Nobody would bother trying to mine such worthless rocks. They might not have looked too closely. | В этом секторе есть похожие астероиды, которые были зарегистрированы и отсканированы.  Никто не стал бы пытаться добывать такие бесполезные камни. Возможно, они не смотрели слишком внимательно.
tiddlets_part1_setup6 | I think it's worth searching there for more of these creatures. | Думаю, стоит поискать там больше этих существ.
tiddlets_part1_swanson1 | Captain. On behalf of the Institute for Interstellar Life, thank you. A monumental discovery. | Капитан. От имени Института Межзвездной Жизни, спасибо. Монументальное открытие.
tiddlets_part1_swanson2 | Now let's talk real. Scientists like Artemis like to take all the credit, and bask in the glory of their peers. If your name does show up in their research paper, you can bet it will be on the very last page, in the smallest font available. | Теперь давайте говорить начистоту. Такие ученые, как Артемис, любят брать на себя всю славу и купаться в славе своих коллег. Если ваше имя и появится в их исследовательской работе, можете быть уверены, что оно будет на самой последней странице самым маленьким доступным шрифтом.
tiddlets_part1_swanson3 | And despite funding his work for years now, my name will be even lower. It's fine really. We have different aims.  He can have the glory. I'm interested in the breakthroughs. The science that comes from these discoveries. The potential. | И несмотря на то, что я финансирую его работу уже много лет, мое имя будет еще ниже. На самом деле все в порядке. У нас разные цели.  Он может получить славу. Меня интересуют прорывы. Наука, которая исходит из этих открытий. Потенциал.
tiddlets_part1_swanson4 | Anyway, thank you for your work, Captain. Here's a reward for your efforts. | В любом случае, спасибо за вашу работу, Капитан. Вот награда за ваши усилия.
tiddlets_part1_tiddletdelivery | Deliver Tiddlets | Доставить Тиддлетов
tiddlets_part1_title | The Trouble with Tiddlets | Проблемы с Тиддлетами
tiddlets_part2_advert | Captain. We're hoping to run some more experiments on the new life form I discovered. The Toppingbury Tiddlet. If you could visit my institute, I have a contract that may be of interest to you. | Капитан. Мы надеемся провести еще несколько экспериментов над новой формой жизни, которую я обнаружил. Тиддлет Топпингбери. Если вы сможете посетить мой институт, у меня есть контракт, который может вас заинтересовать.
tiddlets_part2_debrief1 | We've made another interesting discovery!  Our sensors were correct, and it appears some type of tiny crystal has been formed at the core of several of the dead creatures.  Almost like a small diamond. | Мы сделали еще одно интересное открытие!  Наши сенсоры были правы, и похоже, что в ядре нескольких мертвых существ образовался какой-то крошечный кристалл.  Почти как маленький бриллиант.
tiddlets_part2_debrief2 | It must have formed in the final moments of their life. All that telepathic energy, focussed into a lethal feedback loop!  Our lab tells us the crystals aren't like anything they've ever seen before.  Let's get the remaining samples in for analysis. | Он, должно быть, сформировался в последние мгновения их жизни. Вся эта телепатическая энергия, сосредоточенная в смертельной петле обратной связи!  Наша лаборатория говорит нам, что кристаллы не похожи ни на что, что они когда-либо видели раньше.  Давайте получим оставшиеся образцы для анализа.
tiddlets_part2_debrief3 | Thank you, Captain! | Спасибо, Капитан!
tiddlets_part2_finalexperiment1 | *X Tiddlets now on board!  Fascinating, Captain.  It appears the Tiddlet reproductive process occurs even at incredibly short hyperspace distances.\nHow do they find the time? | *X Тиддлетов теперь на борту!  Увлекательно, Капитан.  Похоже, процесс размножения Тиддлетов происходит даже на невероятно коротких гиперпространственных расстояниях.\nКак они находят время?
tiddlets_part2_finalexperiment2 | I'll hand you over to my colleague for the final experiment. | Я передам вас своему коллеге для окончательного эксперимента.
tiddlets_part2_finalexperiment3 | Captain, the Professor has asked me to oversee this phase of the experiment. | Капитан, Профессор попросил меня контролировать эту фазу эксперимента.
tiddlets_part2_finalexperiment4 | I need you to make a long range jump. Beyond the safe tiddlet distance.  We need to know what happens to them under the effects of Hyperspace Shock, and this will also help us to calculate that safe distance more accurately. | Мне нужно, чтобы вы совершили прыжок на дальнюю дистанцию. За пределы безопасной дистанции для Тиддлетов.  Нам нужно знать, что происходит с ними под воздействием Гиперпространственного Шока, и это также поможет нам более точно рассчитать эту безопасную дистанцию.
tiddlets_part2_finalexperiment5 | Get into position and make the long range jump. | Займите позицию и совершите прыжок на дальнюю дистанцию.
tiddlets_part2_long | LONG HOP DISTANCE | ДЛИННАЯ ДИСТАНЦИЯ ПРЫЖКА
tiddlets_part2_medium | MEDIUM HOP DISTANCE | СРЕДНЯЯ ДИСТАНЦИЯ ПРЫЖКА
tiddlets_part2_mediumjumps1 | Let's start simple. A couple of medium range hops should do the trick. | Начнем с простого. Пара прыжков на среднюю дистанцию должна справиться.
tiddlets_part2_mediumjumps2 | Excellent. The sensor is working nicely and we are receiving science packets. Let's do one more medium range hop to gather some more data. | Отлично. Сенсор работает хорошо, и мы получаем пакеты данных. Давайте совершим еще один прыжок на среднюю дистанцию, чтобы собрать больше данных.
tiddlets_part2_objective_ftlcharges | Have at least *X FTL fuel | Иметь как минимум *X Гипертоплива
tiddlets_part2_objective_installsensors | Install Sensor Stations [*X/*Y] | Установить Сенсорные Станции [*X/*Y]
tiddlets_part2_objective_longjump | Make a jump longer than the Tiddlet safe distance | Совершить прыжок длиннее безопасной дистанции для Тиддлетов
tiddlets_part2_objective_mediumjumps | Perform medium range hops [*X/*Y] | Выполнить прыжки на среднюю дистанцию [*X/*Y]
tiddlets_part2_objective_receivesensors | Receive [*X/*Y] Telepathic Sensor Stations | Получить [*X/*Y] Телепатических Сенсорных Станций
tiddlets_part2_objective_receivetiddlets | Receive [*X/*Y] Tiddlets | Получить [*X/*Y] Тиддлетов
tiddlets_part2_objective_return1 | Return the Tiddlets to the Institute | Вернуть Тиддлетов в Институт
tiddlets_part2_objective_return2 | Return the bodies to the Institute | Вернуть тела в Институт
tiddlets_part2_objective_shortjump | Perform a short range hop | Выполнить прыжок на короткую дистанцию
tiddlets_part2_objective_visitinstitute | Travel to the Institute for Interstellar Lifeforms | Отправиться в Институт Межзвездных Форм Жизни
tiddlets_part2_return1 | *X of the Tiddlets appear to have perished. | *X из Тиддлетов, похоже, погибли.
tiddlets_part2_return2 | That's such a horrible thing to witness.\nWe can't allow this sort of experiment to be done again, doctor. It's so unethical. | Это такая ужасная вещь для наблюдения.\nМы не можем позволить, чтобы такой эксперимент проводился снова, доктор. Это так неэтично.
tiddlets_part2_return3 | The sensor data suggests the telepathic mating ritual does begin during the longer jump.  But the telepathic energy induced between them produces so much heat at their core that they ultimately catch fire and burn out from the inside. | Данные сенсоров предполагают, что телепатический брачный ритуал действительно начинается во время более длинного прыжка.  Но телепатическая энергия, индуцированная между ними, производит так много тепла в их ядре, что они в конечном итоге загораются и выгорают изнутри.
tiddlets_part2_return4 | One can only imagine what that must feel like. | Можно только представить, каково это должно быть.
tiddlets_part2_return5 | There's something else.  There's a reading showing up on the sensors, deep inside the core of the dead tiddlets.\nBring them all back to me, Captain. I think we've done enough for today. | Есть кое-что еще.  На сенсорах появляются показания глубоко внутри ядра мертвых Тиддлетов.\nВерните их всех ко мне, Капитан. Думаю, мы сделали достаточно на сегодня.
tiddlets_part2_setup1 | Welcome back, Captain! I must say, the corridors at the Institute have been alive with excitement over this wondrous new lifeform. My paper has already been provisionally accepted into all the top nature journals, which makes me so proud. | С возвращением, Капитан! Должен сказать, что коридоры Института были полны волнения из-за этой чудесной новой формы жизни. Моя работа уже была предварительно принята во все ведущие научные журналы, что делает меня таким гордым.
tiddlets_part2_setup2 | The word on the grapevine is that the Nobel prize committee may be looking at our work. | По слухам, Нобелевский комитет может рассматривать нашу работу.
tiddlets_part2_setup3 | Exactly. So we must continue this important research. We have a great deal of data already, but we need to take some more measurements and refine some of our estimates. We are particularly interested in their reproductive process. | Именно. Поэтому мы должны продолжить это важное исследование. У нас уже есть много данных, но нам нужно провести еще несколько измерений и уточнить некоторые наши оценки. Мы особенно заинтересованы в их процессе размножения.
tiddlets_part2_setup4 | We're going to send you a batch of Toppingbury Tiddlets, and we want you to run a series of tests on them under Hyperspace conditions. | Мы отправим вам партию Тиддлетов Топпингбери, и мы хотим, чтобы вы провели серию тестов на них в условиях Гиперпространства.
tiddlets_part2_setup5 | We're also sending you a pair of specially modified science stations, with a sensor attuned to their telepathic reproductive process. I wrote the firmware myself. We will be able to see deep into their minds when this magical process takes place. | Мы также отправляем вам пару специально модифицированных научных станций с сенсором, настроенным на их телепатический процесс размножения. Я сам написал прошивку. Мы сможем заглянуть глубоко в их разум, когда происходит этот волшебный процесс.
tiddlets_part2_setup6 | We need you to take the tiddlets on a series of specific hyperspace jumps. We will be recording the effect on their reproductive process and on their physiology. All... well, most of these experiments can be done hopefully without any harm coming to the creatures. | Нам нужно, чтобы вы взяли Тиддлетов в серию определенных гиперпространственных прыжков. Мы будем записывать влияние на их процесс размножения и на их физиологию. Все... ну, большинство этих экспериментов можно провести, надеюсь, без какого-либо вреда для существ.
tiddlets_part2_setup7 | We need to zero in on exactly how long the Tiddlets can survive in hyperspace. This will regrettably require you to jump beyond the safe distance, and to record the effect on their telepathic process. Some of the Tiddlets may be lost in the process of this experiment. | Нам нужно точно определить, как долго Тиддлеты могут выживать в гиперпространстве. К сожалению, это потребует от вас прыгнуть за пределы безопасной дистанции и записать влияние на их телепатический процесс. Некоторые из Тиддлетов могут быть потеряны в процессе этого эксперимента.
tiddlets_part2_setup8 | That does make me quite uncomfortable. | Это действительно вызывает у меня дискомфорт.
tiddlets_part2_setup9 | But with your permission, we can begin. Install the new sensors first, Captain. And be sure to stock up on FTL fuel if you need to. Three or four jumps ought to be enough. | Но с вашего разрешения мы можем начать. Сначала установите новые сенсоры, Капитан. И обязательно запаситесь Гипертопливом, если вам нужно. Трех или четырех прыжков должно быть достаточно.
tiddlets_part2_short | SHORT HOP DISTANCE | КОРОТКАЯ ДИСТАНЦИЯ ПРЫЖКА
tiddlets_part2_shortjump1 | *X Tiddlets so far.  This is all working very well, Captain.  Now onto the real science. | *X Тиддлетов пока что.  Все это работает очень хорошо, Капитан.  Теперь к настоящей науке.
tiddlets_part2_shortjump2 | We'd like to see the effect of a very short hop.  We want to know if there is a minimum hyperspace distance, below which their reproductive process simply does not occur.  Make the jump and let's see how they do. | Мы хотели бы увидеть эффект очень короткого прыжка.  Мы хотим узнать, существует ли минимальная гиперпространственная дистанция, ниже которой их процесс размножения просто не происходит.  Совершите прыжок и давайте посмотрим, как они справятся.
tiddlets_part2_title | The Trouble with Tiddlets, Part 2 | Проблемы с Тиддлетами, Часть 2
tiddlets_part3_action_localhop | Activate Hop Drive | Активировать Скачковый Двигатель
tiddlets_part3_action_localhop_info1 | Charging... | Зарядка...
tiddlets_part3_action_localhop_info2 | No Charge Loaded | Нет Загруженного Заряда
tiddlets_part3_action_localhop_info3 | No Charges on Ship | Нет Зарядов На Корабле
tiddlets_part3_action_localhop_info4 | No Hop Drive Found | Скачковый Двигатель Не Найден
tiddlets_part3_advert | Captain, there have been several developments with the Tiddlet Research Program. We are in need of a competent starship pilot once again.  Please visit us at the Institute for Interstellar lifeforms and I can tell you more. | Капитан, произошло несколько событий в Программе Исследования Тиддлетов. Нам снова нужен компетентный пилот звездолета.  Пожалуйста, посетите нас в Институте Межзвездных Форм Жизни, и я смогу рассказать вам больше.
tiddlets_part3_artemis_arrival1 | Captain, thank Goodness.  Are they all safe? | Капитан, слава богу.  Они все в безопасности?
tiddlets_part3_artemis_arrival2 | Quickly, before they figure out what's happening.  I'll override the remote transceiver on the farm ship.  For a few minutes we'll be able to control it ourselves. | Быстро, пока они не поняли, что происходит.  Я перехвачу управление удаленного приемопередатчика на ферме.  На несколько минут мы сможем управлять им сами.
tiddlets_part3_artemis_arrival3 | Long enough to put an end to this horror show.  Take the ship over to the asteroid.  Open the docking bay doors. | Достаточно долго, чтобы положить конец этому ужасному шоу.  Отведите корабль к астероиду.  Откройте двери стыковочного отсека.
tiddlets_part3_artemis_debrief1 | You did the right thing, Captain.  That matters, to me at least. | Вы поступили правильно, Капитан.  Это важно, по крайней мере для меня.
tiddlets_part3_artemis_debrief2 | I wouldn't worry too much about the threat.  He knows he's operating completely illegally.  There's no way the charter of deep space life permits this kind of action. | Я бы не слишком беспокоился об угрозе.  Он знает, что действует совершенно незаконно.  Хартия жизни в глубоком космосе никак не разрешает такого рода действия.
tiddlets_part3_artemis_debrief3 | As for the Tiddlets, the Doctor is sure to return and try to capture more.  I'll do my best to keep them safe from him, for as long as I can. | Что касается Тиддлетов, Доктор обязательно вернется и попытается захватить еще.  Я сделаю все возможное, чтобы защитить их от него, насколько смогу.
tiddlets_part3_artemis_debrief4 | You may as well keep the rescue ship.  You could sell it if you need to raise some funds. | Можете оставить спасательный корабль себе.  Вы можете продать его, если вам нужно собрать деньги.
tiddlets_part3_artemis_debrief5 | I'll be in touch if I need your help, Captain. | Я свяжусь с вами, если мне понадобится ваша помощь, Капитан.
tiddlets_part3_artemis_finalobjective1 | Captain, this is wrong.  You know it is. | Капитан, это неправильно.  Вы это знаете.
tiddlets_part3_artemis_finalobjective2 | Please don't do this.  These creatures deserve more than to be battery farmed and slaughtered. | Пожалуйста, не делайте этого.  Эти существа заслуживают большего, чем быть массово выращиваемыми и убитыми.
tiddlets_part3_artemis_finalobjective3 | My clearances have all been revoked.  They've shut me out completely.  It's up to you, but please make the right choice. | Все мои допуски были отозваны.  Они полностью меня отстранили.  Это зависит от вас, но, пожалуйста, сделайте правильный выбор.
tiddlets_part3_artemis_finalobjective4 | I'm hiding out in system S*X.  It's where you found the first Tiddlets, near that unusual asteroid.  Bring them here, and be careful not to risk Hyperspace shock. | Я прячусь в системе S*X.  Это то место, где вы нашли первых Тиддлетов, рядом с тем необычным астероидом.  Приведите их сюда и будьте осторожны, чтобы не рисковать Гиперпространственным шоком.
tiddlets_part3_artemis_finalobjective5 | We're going to set them all free. | Мы собираемся освободить их всех.
tiddlets_part3_artemis_finalplea1 | Captain, please don't do this! | Капитан, пожалуйста, не делайте этого!
tiddlets_part3_batteryfarm | Yes!  I knew this would work!  We can battery farm the tiddlets, in huge quantities, right here in this system!  Keep going.  We need more! | Да!  Я знал, что это сработает!  Мы можем массово выращивать Тиддлетов в огромных количествах прямо здесь, в этой системе!  Продолжайте.  Нам нужно больше!
tiddlets_part3_bonus_caption | Bonus received | Бонус получен
tiddlets_part3_bonus_title | SALES BONUS | БОНУС ЗА ПРОДАЖУ
tiddlets_part3_brokenhopdrive1 | It looks like that last jump fried the hop drive.  Not great, given what we paid for it. | Похоже, последний прыжок сжег Скачковый Двигатель.  Не очень хорошо, учитывая, сколько мы за него заплатили.
tiddlets_part3_brokenhopdrive2 | No matter.  I'm certain my engineers can repair it.  In any case, I want the hop drive to be installed on the farm ship directly. | Неважно.  Я уверен, что мои инженеры смогут его отремонтировать.  В любом случае, я хочу, чтобы Скачковый Двигатель был установлен непосредственно на корабль-ферму.
tiddlets_part3_brokenhopdrive3 | Dismantle the Hop Drive, Captain, and I'll send a shuttle to collect it.  I want you to replace the Hop Drive with a conventional FTL drive, for the final part of the experiment.  I'll send a replacement FTL drive in the delivery shuttle. | Демонтируйте Скачковый Двигатель, Капитан, и я пришлю челнок, чтобы забрать его.  Я хочу, чтобы вы заменили Скачковый Двигатель обычным Гипердвигателем для финальной части эксперимента.  Я пришлю замену Гипердвигателя на челноке доставки.
tiddlets_part3_deliverdrive | Deliver Drive | Доставить Двигатель
tiddlets_part3_farmname | The Tiddlet Farm | The Tiddlet Farm
tiddlets_part3_freetiddlets | Free the Tiddlets | Освободить Тиддлетов
tiddlets_part3_hoppername | Short Hopper | Short Hopper
tiddlets_part3_marcus | I don't think I had the chance to properly thank you, Captain. You risked your life for us.  And now my twin is ten years older than me! It's taken some getting used to. | Не думаю, что у меня была возможность должным образом поблагодарить вас, Капитан. Вы рисковали своей жизнью ради нас.  И теперь мой близнец на десять лет старше меня! К этому пришлось привыкать.
tiddlets_part3_martinez_a1 | Captain! It's so good to hear from you again.  How have you been? | Капитан! Так приятно снова услышать вас.  Как у вас дела?
tiddlets_part3_martinez_a2 | We've been taking some time to recover.  I must admit, I spent so long planning my brother's rescue, I almost don't know what to do with myself. | Мы взяли немного времени на восстановление.  Должен признать, я так долго планировал спасение моего брата, что почти не знаю, что с собой делать.
tiddlets_part3_martinez_a3 | I've put the rescue ship up for sale. I was asking $1M, but you can have it for half that price if you like.  Thank you, Captain.  You'll always be welcome with us. | Я выставил спасательный корабль на продажу. Я просил $1M, но вы можете получить его за половину этой цены, если хотите.  Спасибо, Капитан.  Вы всегда будете желанны у нас.
tiddlets_part3_martinez_b1 | Hello, Captain.  How have you been? Things have been tough here. | Здравствуйте, Капитан.  Как у вас дела? У нас здесь были трудные времена.
tiddlets_part3_martinez_b2 | Marcus has been in and out of hospital since the rescue.  He has burns all over his body, and took quite a serious dose of radiation. | Маркус с момента спасения то попадает в больницу, то выписывается.  У него ожоги по всему телу, и он получил довольно серьезную дозу радиации.
tiddlets_part3_martinez_b3 | Of course, you already know that, because it happened while he was uploading your data. | Конечно, вы уже знаете об этом, потому что это произошло, пока он загружал ваши данные.
tiddlets_part3_martinez_b4 | I hope it was worth it for you, Captain. | Надеюсь, для вас это того стоило, Капитан.
tiddlets_part3_martinez_b5 | The ship is up for sale.  I can't bear to be on-board any longer.  The price is $1M.  But I suppose you did help to build the hop drive, so I'll let you have it for $800k. | Корабль выставлен на продажу.  Я больше не могу находиться на борту.  Цена $1M.  Но, полагаю, вы помогали в создании Скачкового Двигателя, так что я отдам его вам за $800k.
tiddlets_part3_martinez_c1 | Why are you here? | Зачем вы здесь?
tiddlets_part3_martinez_c2 | Ten years I worked on his rescue.  Ten years. | Десять лет я работал над его спасением.  Десять лет.
tiddlets_part3_martinez_c3 | Do you know what it's like to die from radiation poisoning?  No?  I do.  Since your rescue attempt I've watched it happen.  Hair falls out, organ failure rips through the body.  Vomiting.  Sick and blood.  For days on end. | Знаете ли вы, каково это - умирать от радиационного отравления?  Нет?  Я знаю.  С момента вашей попытки спасения я наблюдал это.  Волосы выпадают, органы отказывают, тело разрушаютcя.  Рвота.  Болезнь и кровь.  Дни напролет.
tiddlets_part3_martinez_c4 | They wouldn't even let me near him. | Они даже не позволяли мне быть рядом с ним.
tiddlets_part3_martinez_c5 | You did that to him, Captain. | Вы сделали это с ним, Капитан.
tiddlets_part3_martinez_c6 | I don't want to talk to you, Captain.  Yes, the ship is for sale.  Take it.  I don't ever want to see that ship, or you, again.  Do not call me again. | Я не хочу разговаривать с вами, Капитан.  Да, корабль на продаже.  Возьмите его.  Я больше никогда не хочу видеть этот корабль или вас.  Не связывайтесь со мной больше.
tiddlets_part3_martinez_call | Contact Dr. Martinez | Связаться с Доктором Мартинесом
tiddlets_part3_martinez_callagain | Contact Dr. Martinez again | Снова связаться с Доктором Мартинесом
tiddlets_part3_martinez_purchase | Buy ship for *X | Купить корабль за *X
tiddlets_part3_morehops | Excellent.  It's working, as I knew it would.  Give us three more hops, Captain. | Отлично.  Это работает, как я и думал.  Дайте нам еще три прыжка, Капитан.
tiddlets_part3_objective_activate | Activate the Hop Drive | Активировать Скачковый Двигатель
tiddlets_part3_objective_artemis1 | OPTIONAL: Take the Tiddlets to Professor Toppingbury instead | ОПЦИОНАЛЬНО: Отведите Тиддлетов к Профессору Топпингбери вместо этого
tiddlets_part3_objective_batteryfarm | Battery farm 500 Tiddlets | Массово вырастить 500 Тиддлетов
tiddlets_part3_objective_blackhole | Travel to the Blackhole S*X | Отправиться к Черной Дыре S*X
tiddlets_part3_objective_broken1 | Dismantle the Hop Drive | Демонтировать Скачковый Двигатель
tiddlets_part3_objective_broken2 | Deliver the Hop Drive | Доставить Скачковый Двигатель
tiddlets_part3_objective_broken3 | Receive FTL Drive | Получить Гипердвигатель
tiddlets_part3_objective_broken4 | Install the FTL Drive | Установить Гипердвигатель
tiddlets_part3_objective_farmcount | *X Tiddlets on the farm ship | *X Тиддлетов на корабле-ферме
tiddlets_part3_objective_flyclose | Fly L*X close to the Tiddlet farm ship | Подлететь на L*X близко к кораблю-ферме Тиддлетов
tiddlets_part3_objective_freetiddlets1 | Pilot the Farm Ship to the asteroid | Пилотировать корабль-ферму к астероиду
tiddlets_part3_objective_freetiddlets2 | Open the Docking Bay Doors | Открыть Двери Стыковочного Отсека
tiddlets_part3_objective_hops | Perform more Hyperspace hops [*X/3] | Выполнить больше гиперпространственных скачков [*X/3]
tiddlets_part3_objective_institute | Bring the ship to the Institute | Доставить корабль в Институт
tiddlets_part3_objective_martinez | Buy Dr. Martinez's ship | Купить корабль Доктора Мартинеса
tiddlets_part3_objective_swanson1 | Make long range FTL Jumps | Совершить прыжки Гипердвигателем на дальнюю дистанцию
tiddlets_part3_objective_swanson2 | Deliver Tiddlet bodies to Dr. Swanson | Доставить тела Тиддлетов Доктору Свонсону
tiddlets_part3_objective_visitinstitute | Travel to the Institute for Interstellar Lifeforms | Отправиться в Институт Межзвездных Форм Жизни
tiddlets_part3_setup1 | The work continues, Captain. There is so much more to these Tiddlets than we realised. | Работа продолжается, Капитан. В этих Тиддлетах гораздо больше, чем мы осознавали.
tiddlets_part3_setup10 | So, onto business.  There is a scientist by the name of Dr. Julian Martinez in a nearby system. He had a moment of fame recently after a daring rescue of his brother.  He has a ship for sale that we believe will be of some use. | Итак, к делу.  Есть ученый по имени Доктор Джулиан Мартинес в близлежащей системе. Он недавно получил момент славы после дерзкого спасения своего брата.  У него есть корабль на продажу, который, как мы полагаем, будет полезен.
tiddlets_part3_setup11 | Travel to the noble Doctor and buy his ship. He wants a million credits, which is ridiculous.  He thinks his invention is worth that much.  Negotiate with him, knock that price down, and I'll wire the funds directly to him.  If you can improve his offer then I'll pay you 20% of the savings as a bonus. | Отправляйтесь к благородному Доктору и купите его корабль. Он просит миллион кредитов, что смешно.  Он думает, что его изобретение столько стоит.  Проведите с ним переговоры, сбейте цену, и я переведу средства напрямую ему.  Если вам удастся снизить цену, я заплачу вам 20% от сэкономленной суммы в качестве бонуса.
tiddlets_part3_setup2 | Regrettably, Professor Toppingbury has been forced to take a leave of absence.  From the stress of his work, you understand. | К сожалению, Профессор Топпингбери был вынужден взять отпуск.  От стресса его работы, вы понимаете.
tiddlets_part3_setup3 | We know how they reproduce now, and we know their limits. During hyperspace travel, 3 of them will telepathically reproduce. | Теперь мы знаем, как они размножаются, и мы знаем их пределы. Во время гиперпространственного путешествия 3 из них будут телепатически размножаться.
tiddlets_part3_setup4 | We're not quite sure yet how long it takes for their children to grow up. However, we've noticed they hop at exactly the same time their parents do. | Мы еще не совсем уверены, сколько времени требуется их детям, чтобы вырасти. Однако мы заметили, что они совершают скачок точно в то же время, что и их родители.
tiddlets_part3_setup5 | This isn't important, but I thought you might find it amusing. | Это не важно, но я подумал, что вам может показаться это забавным.
tiddlets_part3_setup6 | As you've already seen, they experience hyperspace shock if they've been in hyperspace travel for too long. | Как вы уже видели, они испытывают гиперпространственный шок, если находятся в гиперпространственном путешествии слишком долго.
tiddlets_part3_setup7 | But the key is in the final stage of their life-cycle.  We know if we expose them to hyperspace shock, their telepathic energies are so strong that a small crystal is formed in their final moments. | Но ключ находится в финальной стадии их жизненного цикла.  Мы знаем, что если мы подвергаем их гиперпространственному шоку, их телепатические энергии настолько сильны, что в их последние мгновения образуется маленький кристалл.
tiddlets_part3_setup8 | We've been studying the crystals we've recovered so far.  They resonate in subspace in a way we've never seen before.  Some of the crystals are entangled at the quantum level, and resonate together.  Apply a signal to one and another responds, instantly, across any distance. | Мы изучали кристаллы, которые мы восстановили до сих пор.  Они резонируют в подпространстве так, как мы никогда раньше не видели.  Некоторые из кристаллов связаны на квантовом уровне и резонируют вместе.  Примените сигнал к одному, и другой отвечает мгновенно, на любом расстоянии.
tiddlets_part3_setup9 | There are so many potential applications. | Существует так много потенциальных применений.
tiddlets_part3_swanson_a1 | Incredible work, Captain. I'm not sure how you managed that, but I'm true to my word.  I'll wire the funds to Dr. Martinez, with a sales bonus of $100k for you.  Bring the ship back to the Institute, and let's put it to use. | Невероятная работа, Капитан. Я не уверен, как вам это удалось, но я верен своему слову.  Я переведу средства Доктору Мартинесу и выплачу вам бонус за продажу в $100k.  Верните корабль в Институт, и давайте используем его.
tiddlets_part3_swanson_b1 | Good work, Captain. That's a good price.  I'll send the funds to Dr Martinez.  You've earned a sales bonus of $40k.  Bring the ship back to the Institute, and let's put it to use. | Хорошая работа, Капитан. Это хорошая цена.  Я отправлю средства Доктору Мартинесу.  Вы заработали бонус за продажу в $40k.  Верните корабль в Институт, и давайте используем его.
tiddlets_part3_swanson_c1 | Very disappointing, Captain.  You'll need to do better if you want to succeed out here.  This ship is costing us an arm and a leg. | Очень разочаровывающе, Капитан.  Вам нужно работать лучше, если вы хотите преуспеть здесь.  Этот корабль обходится нам в целое состояние.
tiddlets_part3_swanson_c2 | I'll send the funds to Dr. Martinez now.  Bring the ship back to the Institute, and we can begin work. | Я отправлю средства Доктору Мартинесу сейчас.  Верните корабль в Институт, и мы сможем начать работу.
tiddlets_part3_swanson_debriefa1 | Well done, Captain.  Everything has worked exactly as I predicted, and we now have an excellent harvest on the farm ship.  More importantly, you've shown the way. | Отлично, Капитан.  Все сработало именно так, как я предсказывал, и теперь у нас есть отличный урожай на корабле-ферме.  Что более важно, вы показали путь.
tiddlets_part3_swanson_debriefa2 | I think I can take it from here, Captain.  My engineers tell me they'll have the Hop Drive fitted to the farm ship in just a few days.  In fact, we are close to automating the entire Tiddlet Harvest process with this one ship. | Думаю, я могу взять дело в свои руки отсюда, Капитан.  Мои инженеры говорят мне, что они установят Скачковый Двигатель на корабль-ферму всего за несколько дней.  На самом деле, мы близки к автоматизации всего процесса сбора Тиддлетов с помощью этого одного корабля.
tiddlets_part3_swanson_debriefa3 | I knew we could rely on you, Captain.  Thank you for showing the highest degrees of professionalism. | Я знал, что можем положиться на вас, Капитан.  Спасибо за проявление высочайшего профессионализма.
tiddlets_part3_swanson_debriefa4 | As for the rescue ship, we don't need it anymore.  It was the Hop Drive we wanted.  You can keep it if you want, or sell it. | Что касается спасательного корабля, он нам больше не нужен.  Нам был нужен Скачковый Двигатель.  Вы можете оставить его себе, если хотите, или продать.
tiddlets_part3_swanson_debriefa5 | I'll be in touch if your services are required in the future. | Я свяжусь с вами, если ваши услуги потребуются в будущем.
tiddlets_part3_swanson_debriefb1 | Captain, we lost contact with our ship for a second.  Where are you?  You seem to have gone completely off course. | Капитан, мы потеряли связь с нашим кораблем на секунду.  Где вы?  Похоже, вы полностью сбились с курса.
tiddlets_part3_swanson_debriefb2 | My God.  What have you done? | Боже мой.  Что вы натворили?
tiddlets_part3_swanson_debriefb3 | Where are they?  Where are my Tiddlets?? | Где они?  Где мои Тиддлеты??
tiddlets_part3_swanson_debriefb4 | Mark my words, Captain.  You will bitterly regret crossing me. | Запомните мои слова, Капитан.  Вы горько пожалеете, что переступили через меня.
tiddlets_part3_swanson_debriefb5 | Grand Larceny, Property Damage, Fraud, Sabotage.  I'll see to it you spend the next decade in space prison for this.  You and that Professor. | Крупная Кража, Порча Имущества, Мошенничество, Саботаж.  Я позабочусь о том, чтобы вы провели следующее десятилетие в космической тюрьме за это.  Вы и тот Профессор.
tiddlets_part3_swanson_finalobjective1 | This is it, Captain. We stand on the verge of a massive achievement.  Can you imagine how many crystals we can produce, in just one jump?  There could be hundreds.  The research potentials are staggering. | Вот оно, Капитан. Мы стоим на пороге огромного достижения.  Можете ли вы представить, сколько кристаллов мы можем произвести всего за один прыжок?  Могут быть сотни.  Исследовательские возможности ошеломляют.
tiddlets_part3_swanson_finalobjective2 | You know what to do, Captain.  A couple of very long jumps ought to be enough.  Bring them all back to me when it's done. | Вы знаете, что делать, Капитан.  Пары очень длинных прыжков должно быть достаточно.  Верните их всех ко мне, когда закончите.
tiddlets_part3_swanson_random1 | Yes! | Да!
tiddlets_part3_swanson_random2 | More! | Больше!
tiddlets_part3_swanson_random3 | Keep going! | Продолжайте!
tiddlets_part3_swanson_random4 | Again! | Еще раз!
tiddlets_part3_swanson_return1 | Our plan is simple, Captain.  We found during your excellent field work that the Tiddlets will still reproduce, even with an incredibly short FTL jump. | Наш план прост, Капитан.  Мы обнаружили во время вашей отличной полевой работы, что Тиддлеты размножаются даже при невероятно коротком прыжке Гипердвигателем.
tiddlets_part3_swanson_return2 | The ship you just purchased has a specially modified FTL Hop Drive.  We can use it to make very short jumps and trigger the hyperspace reproductive process among the Tiddlets. | Корабль, который вы только что купили, имеет специально модифицированный Скачковый Двигатель.  Мы можем использовать его для совершения очень коротких прыжков и запуска гиперпространственного процесса размножения среди Тиддлетов.
tiddlets_part3_swanson_return3 | We want you to pair the Hop Drive ship with our Tiddlet Farm vessel, and activate the short range hop drive.  You won't even need to leave the system.  If our calculations are correct, we should see an instant result. | Мы хотим, чтобы вы соединили корабль со Скачковым Двигателем с нашим кораблем Ферма Тиддлетов и активировали Скачковый Двигатель ближнего действия.  Вам даже не нужно будет покидать систему.  Если наши расчеты верны, мы должны увидеть мгновенный результат.
tiddlets_part3_title | The Trouble with Tiddlets, Part 3 | Проблемы с Тиддлетами, Часть 3
tiddlets_part4_advert | This is Dr Swanson at the Institute for Interstellar Lifeforms. I'm declaring an emergency. We need urgent assistance. Our ship is compromised. Please, to any vessel nearby, we need emergency rescue. Many lives are at stake. | Это Доктор Свонсон из Института Межзвездных Форм Жизни. Я объявляю чрезвычайную ситуацию. Нам нужна срочная помощь. Наш корабль скомпрометирован. Пожалуйста, любому кораблю поблизости, нам нужно экстренное спасение. На кону много жизней.
tiddlets_part4_award_caption | Freeing the tiddlets | Освобождение Тиддлетов
tiddlets_part4_crewsaved | *X scientists rescued | *X ученых спасено
tiddlets_part4_debrief_artemis_a1 | I want to thank you for helping, Captain, when it counted. For doing the right thing. I'll split the remaining grant money I have with you. You deserve it. | Я хочу поблагодарить вас за помощь, Капитан, когда это было важно. За то, что сделали правильный выбор. Я разделю с вами оставшиеся деньги гранта. Вы это заслужили.
tiddlets_part4_debrief_artemis_a2 | One last thing.  I couldn't help but notice you've picked up a couple of Tiddlets, along with the scientists you rescued. I wouldn't worry - two is a very safe number. | Последнее.  Я не мог не заметить, что вы подобрали пару Тиддлетов вместе с учеными, которых вы спасли. Я бы не беспокоился - два - это очень безопасное число.
tiddlets_part4_debrief_artemis_a3 | But I'd recommend you never bring a third aboard.  Look after them, Captain. I know you will. | Но я бы рекомендовал никогда не брать третьего на борт.  Позаботьтесь о них, Капитан. Я знаю, что вы будете.
tiddlets_part4_debrief_artemis_b1 | I thought Dr Swanson was my ally. And I thought I could trust you. But you both put money before everything else. I don't know how you can live like that. | Я думал, что Доктор Свонсон был моим союзником. И я думал, что могу доверять вам. Но вы оба поставили деньги превыше всего остального. Я не знаю, как вы можете так жить.
tiddlets_part4_debrief_artemis_b2 | You've one last chance to make things right. It looks like a couple of Tiddlets found their way onboard with the scientists you rescued. Two is probably safe, but never bring a third aboard. | У вас есть последний шанс все исправить. Похоже, пара Тиддлетов оказалась на борту вместе с учеными, которых вы спасли. Два, вероятно, безопасно, но никогда не берите третьего на борт.
tiddlets_part4_debrief_artemis_b3 | I suggest you look after them from now on, Captain. It won't atone for the things you've done, but it's a start. | Я предлагаю вам заботиться о них с этого момента, Капитан. Это не искупит то, что вы сделали, но это начало.
tiddlets_part4_debrief_artemis1 | I tried to stop him. Tried to warn him. | Я пытался остановить его. Пытался предупредить его.
tiddlets_part4_debrief_artemis2 | Captain, these recent events have made me reconsider my role in all of this. These creatures need our protection. They need somebody to look out for them. | Капитан, эти недавние события заставили меня пересмотреть мою роль во всем этом. Эти существа нуждаются в нашей защите. Им нужен кто-то, кто будет заботиться о них.
tiddlets_part4_debrief_swanson1 | Thank God. | Слава богу.
tiddlets_part4_debrief_swanson2 | It looks like the Hop Drive burned through all the jump charges. It's over. | Похоже, Скачковый Двигатель израсходовал все прыжковые заряды. Все кончено.
tiddlets_part4_objective_rescue | Rescue the crew of the farm ship | Спасти экипаж корабля-фермы
tiddlets_part4_objective_respond | Respond to Swanson's Distress Signal | Ответить на Сигнал Бедствия Свонсона
tiddlets_part4_random_swanson1 | Oh god... they're in the food stuffs! | О боже... они в продуктовых запасах!
tiddlets_part4_random_swanson2 | Oh god... they're in the air-conditioning system! | О боже... они в системе кондиционирования!
tiddlets_part4_random_swanson3 | Oh god... they're in the reactor room! | О боже... они в реакторной комнате!
tiddlets_part4_random_tiddlet | ftftffftftftft | фтфтффтфтфтфт
tiddlets_part4_rescue_swanson1 | Captain, I don't know what happened. It's the Hop Drive. My engineers told me they tested it fully! | Капитан, я не знаю, что произошло. Это Скачковый Двигатель. Мои инженеры сказали мне, что полностью проверили его!
tiddlets_part4_rescue_swanson2 | There's something wrong with it. We can't stop jumping. They've replicated... so many times. They're EVERYWHERE! | С ним что-то не так. Мы не можем прекратить прыжки. Они размножились... так много раз. Они ПОВСЮДУ!
tiddlets_part4_rescue_swanson3 | Oh God. There's so many of them! They're in the engines... the life support... they're almost in the reac- | О боже. Их так много! Они в двигателях... в системе жизнеобеспечения... они почти в реак-
tiddlets_part4_rescue_swanson4 | Get away from that console! Shoo! | Отойдите от этой консоли! Брысь!
tiddlets_part4_rescue_swanson5 | You have to help us, Captain. | Вы должны помочь нам, Капитан.
tiddlets_part4_rescue_tiddlet1 | mmmmiiffffffffff | мммиииффффффффф
tiddlets_part4_rescue_tiddlet2 | squueeeiiee | скуиииииии
tiddlets_part4_title | The Trouble with Tiddlets, Part 4 | Проблемы с Тиддлетами, Часть 4
tiddlets_shipname_artemis | Artemis Toppingbury | Artemis Toppingbury
tiddlets_summary | Help Prof. Artemis Toppingbury with his research. | Помочь Профессору Артемису Топпингбери с его исследованиями.
