tutorial_air_title | OXYGEN | КИСЛОРОД
tutorial_aircables | The <b>AIRDUCT</b> needs to be powered from the <b>REACTOR</b>.  Select <b>CABLES</b> from the <b>CONSTRUCTION</b> menu. | <b>ВОЗДУХОВОД</b> должен быть запитан от <b>РЕАКТОРА</b>.  Выберите <b>КАБЕЛИ</b> из меню <b>СТРОИТЕЛЬСТВО</b>.
tutorial_aircabletoreactor | Drag a power cable from the <b>REACTOR</b> to the <b>AIRDUCT</b>, connecting the red circles.\n\nPOWER <b>CABLES</b> are used to connect reactors to any equipment that needs power.\n\nPOWER <b>CABLES</b> are red and must connect red circles on equipment. | Протяните силовой кабель от <b>РЕАКТОРА</b> к <b>ВОЗДУХОВОДУ</b>, соединив красные круги.\n\n<b>КАБЕЛИ</b> питания используются для подключения реакторов к любому оборудованию, которому нужна энергия.\n\n<b>КАБЕЛИ</b> питания красные и должны соединять красные круги на оборудовании.
tutorial_airdone | The <b>AIRDUCT</b> is activated and is pressurising the cabin! The atmosphere will soon be breathable. | <b>ВОЗДУХОВОД</b> активирован и наполняет каюту давлением! Атмосфера скоро станет пригодной для дыхания.
tutorial_airinstallairduct | We now need to provide a breathable atmosphere for our crew. This is done with an <b>AIRDUCT</b>.\n\nInstall an <b>AIRDUCT</b> somewhere near the Reactor. | Теперь нам нужно обеспечить пригодную для дыхания атмосферу для нашего экипажа. Это делается с помощью <b>ВОЗДУХОВОДА</b>.\n\nУстановите <b>ВОЗДУХОВОД</b> где-нибудь рядом с Реактором.
tutorial_airinstallairloader | The <b>AIRDUCT</b> needs <b>OXYGEN</b>, in the same way as the <b>REACTOR</b> needs <b>FUEL</b>. We can use an <b>OXYGEN LOADER</b> to provide <b>OXYGEN</b>.\n\nInstall an <b>OXYGEN LOADER</b> near the <b>AIRDUCT</b>. | <b>ВОЗДУХОВОДУ</b> нужен <b>КИСЛОРОД</b>, так же как <b>РЕАКТОРУ</b> нужно <b>ТОПЛИВО</b>. Мы можем использовать <b>ПОГРУЗЧИК КИСЛОРОДА</b> для подачи <b>КИСЛОРОДА</b>.\n\nУстановите <b>ПОГРУЗЧИК КИСЛОРОДА</b> рядом с <b>ВОЗДУХОВОДОМ</b>.
tutorial_airpipes | We need to connect the <b>OXYGEN LOADER</b> into the <b>AIRDUCT</b> using <b>PIPES</b>.\n\nSelect <b>PIPES</b> from the <b>CONSTRUCTION</b> menu. | Нам нужно подключить <b>ПОГРУЗЧИК КИСЛОРОДА</b> к <b>ВОЗДУХОВОДУ</b> с помощью <b>ТРУБ</b>.\n\nВыберите <b>ТРУБЫ</b> из меню <b>СТРОИТЕЛЬСТВО</b>.
tutorial_airpipetoairduct | Drag a <b>PIPE</b> from the <b>OXYGEN LOADER</b> to the <b>AIRDUCT</b>, connecting the <b>BLUE</b> circles. | Протяните <b>ТРУБУ</b> от <b>ПОГРУЗЧИКА КИСЛОРОДА</b> к <b>ВОЗДУХОВОДУ</b>, соединив <b>СИНИЕ</b> круги.
tutorial_battlestations_title | BATTLE STATIONS | БОЕВОЙ РЕЖИМ
tutorial_battlestationsactivate | <b>BATTLE STATIONS</b> must be activated before your weapons can be used.\n\nThis will tell your crew to prepare for battle! | <b>БОЕВОЙ РЕЖИМ</b> должен быть активирован, прежде чем вы сможете использовать оружие.\n\nЭто даст команду вашему экипажу приготовиться к бою!
tutorial_battlestationshighlightcrew | Your crew will run to the weapons to deploy them.\n\nGatling guns don't require any crew to deploy them. | Ваш экипаж побежит к оружию, чтобы активировать его.\n\nПулеметы не требуют экипажа для их активации.
tutorial_battlestationshighlightguns | The gun barrels will begin to extend when they arrive.\n\nWhen the barrels are fully extended they will be ready to fire! | Стволы орудий начнут выдвигаться, когда они прибудут.\n\nКогда стволы полностью выдвинутся, они будут готовы к стрельбе!
tutorial_battlestationsstart | We are now going to learn how to deploy our weapons for combat.\n\nThe game has been paused for now. | Теперь мы научимся активировать наше оружие для боя.\n\nИгра приостановлена на данный момент.
tutorial_battlestationssuccess | Well done, your weapons are now successfully deployed for battle! | Отлично, ваше оружие теперь успешно активировано для боя!
tutorial_buy_shiftclick | <b>NOTE</b>: You can <b>SHIFT CLICK</b> to buy in multiples of 5. | <b>ПРИМЕЧАНИЕ</b>: Вы можете <b>ЗАЖАТЬ SHIFT И КЛИКНУТЬ</b> для покупки кратно 5.
tutorial_buyship_title | PURCHASING SHIPS | ПОКУПКА КОРАБЛЕЙ
tutorial_buyshipbuy | Click on the <b>BUY</b> button to purchase the <b>JMC MINING STATION</b>. | Нажмите на кнопку <b>КУПИТЬ</b>, чтобы приобрести <b>JMC MINING STATION</b>.
tutorial_buyshipinspect | Click on the <b>JMC MINING STATION</b>, an old unused industrial station for sale. | Нажмите на <b>JMC MINING STATION</b>, старую неиспользуемую промышленную станцию на продажу.
tutorial_buyshipstart | We are now going to learn about selecting and buying ships. | Теперь мы научимся выбирать и покупать корабли.
tutorial_buyshipsuccess | Well done, you have purchased the <b>JMC MINING STATION</b>. | Отлично, вы приобрели <b>JMC MINING STATION</b>.
tutorial_camera_title | CAMERA CONTROLS | УПРАВЛЕНИЕ КАМЕРОЙ
tutorial_cameracontrols | Use <b>{PanUp1}{PanLeft1}{PanDown1}{PanRight1}</b> or the <b>ARROW KEYS</b> to move the view around.\n\nZoom the view using the <b>MOUSE WHEEL</b>, or <b>{ZoomIn}</b>/<b>{ZoomOut}</b> on the keyboard.\n\nDrag the view by holding the <b>MIDDLE MOUSE BUTTON</b>. | Используйте <b>{PanUp1}{PanLeft1}{PanDown1}{PanRight1}</b> или <b>КЛАВИШИ СТРЕЛОК</b> для перемещения камеры.\n\nИзмените масштаб с помощью <b>КОЛЕСА МЫШИ</b> или клавиш <b>{ZoomIn}</b>/<b>{ZoomOut}</b> на клавиатуре.\n\nПеретаскивайте камеру, удерживая <b>СРЕДНЮЮ КНОПКУ МЫШИ</b>.
tutorial_combat_title | COMBAT | БОЙ
tutorial_combatbattlestations | The effect of the <b>EMP</b> is wearing off!\n\nDeploy your weapons and make your crew ready to fight by clicking on <b>BATTLE STATIONS</b>. | Эффект <b>ЭМИ</b> проходит!\n\nАктивируйте оружие и подготовьте экипаж к бою, нажав на <b>БОЕВОЙ РЕЖИМ</b>.
tutorial_combatkeepmoving | Make sure to keep moving during combat, this increases your <b>EVASION</b> and makes you a harder target to hit. | Обязательно продолжайте движение во время боя, это увеличивает ваше <b>УКЛОНЕНИЕ</b> и делает вас более сложной целью для попадания.
tutorial_combatopenweaponscontrol | Open the weapons control panel. | Откройте панель управления оружием.
tutorial_combatrange | You can see the range of weapons by hovering over them. Weapons will shoot at enemy ships in their range. | Вы можете увидеть радиус действия оружия, наведя на него курсор. Оружие будет стрелять по вражеским кораблям в пределах своего радиуса.
tutorial_combatselectcannon | Your guns can also target specific points on enemy ships.\n\nFirst, select which guns you would like to use.\n\nYou can <b>SHIFT CLICK</b> to select multiple guns. | Ваши орудия также могут нацеливаться на конкретные точки на вражеских кораблях.\n\nСначала выберите, какие орудия вы хотите использовать.\n\nВы можете <b>ЗАЖАТЬ SHIFT И КЛИКНУТЬ</b> для выбора нескольких орудий.
tutorial_combatselecttarget | Target their weapon systems so that they can't damage you further. | Нацельтесь на их оружейные системы, чтобы они не могли нанести вам дальнейший урон.
tutorial_combatstart | We are now going to learn some basic combat techniques. | Теперь мы изучим основные приемы боя.
tutorial_combatsuccess | Well done. You have learned how to use weapons. Now fire at will at the pirate ship! | Отлично. Вы научились использовать оружие. Теперь огонь по усмотрению по пиратскому кораблю!
tutorial_combatswitchtotacticalview | Switch to tactical mode. | Переключитесь на режим тактика.
tutorial_docking_title | DOCKING | СТЫКОВКА
tutorial_dockingapproachship_x | Use your main ship engines to get close to the *X. | Используйте основные двигатели корабля, чтобы приблизиться к *X.
tutorial_dockingcheckthrusters | In order to be able to dock successfully, your ship needs at least four working <b>THRUSTERS</b>.\n\nUse a different ship, or purchase and install four thrusters at a nearby trading post. | Чтобы успешно пристыковаться, вашему кораблю нужно как минимум четыре рабочих <b>МАНЕВРОВЫХ ДВИГАТЕЛЯ</b>.\n\nИспользуйте другой корабль или купите и установите четыре маневровых двигателя на ближайшем торговом посту.
tutorial_dockingmaneuver | Use your <b>THRUSTERS</b> to maneuver your ship so that <b>RED</b> diamonds of your docking ports align with the docking port of the *X.\n\nWhen aligned correctly, they will both turn <b>YELLOW</b>.\n\nKeep the ships aligned until the docking bridge is fully extended. | Используйте <b>МАНЕВРОВЫЕ ДВИГАТЕЛИ</b> для маневрирования вашим кораблем так, чтобы <b>КРАСНЫЕ</b> ромбы ваших стыковочных портов совпали со стыковочным портом *X.\n\nПри правильном выравнивании они оба станут <b>ЖЕЛТЫМИ</b>.\n\nУдерживайте корабли выровненными, пока стыковочный мост полностью не выдвинется.
tutorial_dockingmaneuverkeys | Use the Maneuvering controls to move the ship into position.\n\nYou can also use the keys <b>{ManoeuvreUp}</b>, <b>{ManoeuvreLeft}</b>, <b>{ManoeuvreDown}</b>, <b>{ManoeuvreRight}</b> to move, and <b>{ManoeuvreClockwise}</b> and <b>{ManoeuvreCounterClockwise}</b> to rotate the ship. | Используйте элементы управления маневрированием, чтобы переместить корабль в нужную позицию.\n\nВы также можете использовать клавиши <b>{ManoeuvreUp}</b>, <b>{ManoeuvreLeft}</b>, <b>{ManoeuvreDown}</b>, <b>{ManoeuvreRight}</b> для движения и <b>{ManoeuvreClockwise}</b> и <b>{ManoeuvreCounterClockwise}</b> для поворота корабля.
tutorial_dockingopenmaneuver | Open the <b>MANEUVERING THRUSTER</b> controls. | Откройте элементы управления <b>МАНЕВРОВЫМИ ДВИГАТЕЛЯМИ</b>.
tutorial_dockingstart | We are now going to learn how to dock your ship to another ship. | Теперь мы научимся стыковать ваш корабль с другим кораблем.
tutorial_dockingsuccess | Well done. You have docked successfully! | Отлично. Вы успешно состыковались!
tutorial_dockingswitchtotactical | To get started, switch to <b>TACTICAL</b> mode by clicking the button or pressing <b>{ToggleTactical}</b>. | Для начала переключитесь в режим <b>ТАКТИКА</b>, нажав на кнопку или клавишу <b>{ToggleTactical}</b>.
tutorial_dockingzoomin | Zoom in so that you can see the docking guides more clearly. They are <b>RED</b> diamonds extending from the docking ports. | Увеличьте масштаб, чтобы лучше видеть направляющие стыковки. Это <b>КРАСНЫЕ</b> ромбы, исходящие от стыковочных портов.
tutorial_dsiclicktodismantle | Any equipment can be dismantled by left-clicking. | Любое оборудование можно демонтировать левым кликом.
tutorial_dsiclosedismantle | We can stop dismantling by clicking the dismantle button again or by closing the construction menu.\n\nClose the menu by clicking the <b>CONSTRUCTION</b> button or by pressing <b>ESC</b>. | Мы можем прекратить демонтаж, снова нажав на кнопку демонтажа или закрыв меню строительства.\n\nЗакройте меню, нажав кнопку <b>СТРОИТЕЛЬСТВО</b> или клавишу <b>ESC</b>.
tutorial_dsidismantle | Dismantling equipment removes it from your ship and places it in a box so you can install it later. | Демонтаж оборудования убирает его с вашего корабля и упаковывает, чтобы вы могли установить его позже.
tutorial_dsidismantletitle | DISMANTLING | ДЕМОНТАЖ
tutorial_dsihighlightruinedequipment | This equipment is ruined, so you'll receive scrap metal when you dismantle it. | Это оборудование разрушено, поэтому при демонтаже вы получите металлолом.
tutorial_dsihighlightsmelter | Let's use the scrap metal to produce metal ingots in the smelter. Right-click on the smelter. | Давайте используем металлолом для производства железных слитков в плавильной печи. Щелкните правой кнопкой мыши по плавильной печи.
tutorial_dsisetrecipe | Right-clicking on equipment allows you to set recipes. Set the smelter recipe to scrap metal. | Щелчок правой кнопкой мыши по оборудованию позволяет установить рецепты. Установите рецепт плавильной печи на металлолом.
tutorial_dsisetupdone | The smelter will now start producing metal ingots after it has finished heating up. | Плавильная печь теперь начнет производить железные слитки после того, как закончит разогреваться.
tutorial_dsismelterrecipes | RECIPES | РЕЦЕПТЫ
tutorial_end_title | END OF TUTORIAL | КОНЕЦ ОБУЧЕНИЯ
tutorial_engines_title | ENGINES | ДВИГАТЕЛИ
tutorial_enginesconnectpipes | Let's start with the starboard engine. Use the pipes menu to run a pipe from the engine to your existing yellow fuel lines. | Давайте начнем с правого двигателя. Используйте меню труб, чтобы провести трубу от двигателя к вашим существующим желтым топливным линиям.
tutorial_enginesconnectpower | Now use the <b>CABLES</b> menu to power up the engine, by connecting it to your existing red power lines. | Теперь используйте меню <b>КАБЕЛИ</b>, чтобы запитать двигатель, подключив его к вашим существующим красным линиям питания.
tutorial_enginesinformation | Engines require both <b>POWER</b> and <b>FUEL</b> to operate. We must connect both engines to fuel and power. | Двигателям требуется и <b>ЭНЕРГИЯ</b>, и <b>ТОПЛИВО</b> для работы. Мы должны подключить оба двигателя к топливу и энергии.
tutorial_enginesintro | The ship has two factory fitted engines ready to go, but we need to connect them up. | На корабле установлены два заводских двигателя, готовых к работе, но нам нужно их подключить.
tutorial_enginesoperational | Both of our engines are now operational. | Оба наших двигателя теперь работают.
tutorial_enginesportside | Now repeat the process with the port engine. Connect the fuel and power lines to start the engine. | Теперь повторите процесс с левым двигателем. Подключите топливные и энергетические линии, чтобы запустить двигатель.
tutorial_enginesstarboardside | Fantastic work! The Starboard engine is now starting up. | Фантастическая работа! Правый двигатель теперь запускается.
tutorial_fabrication_title | FABRICATION | ПРОИЗВОДСТВО
tutorial_fabricationclosefab1 | Close the Equipment Panel by clicking the X in the top right corner, or pressing <b>ESC</b>. | Закройте панель оборудования, нажав на X в правом верхнем углу или клавишу <b>ESC</b>.
tutorial_fabricationclosefab2 | Close the Equipment Panel by clicking the X in the top right corner, or pressing <b>ESC</b>. | Закройте панель оборудования, нажав на X в правом верхнем углу или клавишу <b>ESC</b>.
tutorial_fabricationconfigureass1 | We need to configure the <b>ASSEMBLY TABLE</b> in the same way.\n\nRIGHT <b>CLICK</b> on the assembly table. | Нам нужно настроить <b>СБОРОЧНЫЙ СТОЛ</b> таким же образом.\n\nЩелкните <b>ПРАВОЙ КНОПКОЙ МЫШИ</b> по сборочному столу.
tutorial_fabricationconfigureass2 | Select <b>STARGATE FRAME</b> from the drop-down menu. | Выберите <b>РАМА ЗВЕЗДНЫХ ВРАТ</b> из выпадающего меню.
tutorial_fabricationconfigurefab1 | We need to configure the new equipment to make the products that we want.\n\nRIGHT <b>CLICK</b> on the <b>FABRICATOR</b> to configure it. | Нам нужно настроить новое оборудование для производства продуктов, которые нам нужны.\n\nЩелкните <b>ПРАВОЙ КНОПКОЙ МЫШИ</b> по <b>ФАБРИКАТОРУ</b>, чтобы настроить его.
tutorial_fabricationconfigurefab2 | This drop-down menu shows all of the components that we can manufacture in a <b>FABRICATOR</b>.\n\nSelect <b>FRAME</b> from the list. | Это выпадающее меню показывает все компоненты, которые мы можем производить в <b>ФАБРИКАТОРЕ</b>.\n\nВыберите <b>РАМА</b> из списка.
tutorial_fabricationinstallassemblytable | Those components are then assembled into finished products on an <b>ASSEMBLY TABLE</b>.\n\nInstall an <b>ASSEMBLY TABLE</b> somewhere near the <b>FABRICATOR</b>. | Затем эти компоненты собираются в готовую продукцию на <b>СБОРОЧНОМ СТОЛЕ</b>.\n\nУстановите <b>СБОРОЧНЫЙ СТОЛ</b> где-нибудь рядом с <b>ФАБРИКАТОРОМ</b>.
tutorial_fabricationinstallfabricator | Components are manufactured in a <b>FABRICATOR</b>, using raw materials like <b>METAL INGOTS</b>.\n\nInstall a <b>FABRICATOR</b> somewhere in the South East quadrant of the station. | Компоненты производятся в <b>ФАБРИКАТОРЕ</b> с использованием сырья, такого как <b>ЖЕЛЕЗНЫЕ СЛИТКИ</b>.\n\nУстановите <b>ФАБРИКАТОР</b> где-нибудь в юго-восточном квадранте станции.
tutorial_fabricationpower | This new equipment needs power.  Build <b>POWER CABLES</b> to connect your <b>REACTOR</b> to the <b>FABRICATOR</b> and <b>ASSEMBLY TABLE</b>. | Этому новому оборудованию нужна энергия.  Постройте <b>КАБЕЛИ ПИТАНИЯ</b>, чтобы подключить ваш <b>РЕАКТОР</b> к <b>ФАБРИКАТОРУ</b> и <b>СБОРОЧНОМУ СТОЛУ</b>.
tutorial_fabricationworking | Your crew are now fabricating <b>FRAMES</b> out of <b>METAL INGOTS</b>, then assembling those <b>FRAMES</b> into <b>STARGATE FRAMES</b>, which we can sell to the <b>STARGATE</b> project for profit. | Ваш экипаж теперь производит <b>РАМЫ</b> из <b>ЖЕЛЕЗНЫХ СЛИТКОВ</b>, затем собирает эти <b>РАМЫ</b> в <b>РАМЫ ЗВЕЗДНЫХ ВРАТ</b>, которые мы можем продать проекту <b>ЗВЕЗДНЫЕ ВРАТА</b> с прибылью.
tutorial_finance_title | CONTRACTS | КОНТРАКТЫ
tutorial_financearrived | We have arrived at the destination system. | Мы прибыли в систему назначения.
tutorial_financeassigntransport | This mission requires us to transport a group of people from here to another location in the sector.\n\nClick the accept button to assign this contract to the <b>PROCYON</b>. | Эта миссия требует от нас перевезти группу людей отсюда в другое место в секторе.\n\nНажмите кнопку принять, чтобы назначить этот контракт кораблю <b>PROCYON</b>.
tutorial_financeclosesectormap | Close the <b>SECTOR MAP</b> by clicking the X in the top right corner, or by pressing <b>ESC</b>. | Закройте <b>КАРТУ СЕКТОРА</b>, нажав на X в правом верхнем углу или клавишу <b>ESC</b>.
tutorial_financeftlwindow | Open the <b>FTL</b> screen to order the <b>FTL</b> jump. | Откройте экран <b>ГИПЕРДВИГАТЕЛЬ</b>, чтобы заказать <b>ГИПЕРПРЫЖОК</b>.
tutorial_financehyperspace | We are in hyperspace! | Мы в гиперпространстве!
tutorial_financejump | Click the <b>JUMP</b> button to jump to hyperspace. | Нажмите кнопку <b>ПРЫЖОК</b>, чтобы прыгнуть в гиперпространство.
tutorial_financemissioncomplete | The passengers have all arrived safely. You will now be paid the fee and will also receive points toward your Humanitarian rating - giving you access to more difficult and lucrative missions. | Все пассажиры благополучно прибыли. Теперь вам будет выплачена плата, и вы также получите очки к вашему гуманитарному рейтингу - давая вам доступ к более сложным и прибыльным миссиям.
tutorial_financemissionscreen | Now that our ship is up and running, we need to earn our way.  We can complete contracts for financial reward and reputation.\n\nOpen the <b>CONTRACTS</b> screen to see a list of available contracts. | Теперь, когда наш корабль работает, нам нужно зарабатывать на жизнь.  Мы можем выполнять контракты за финансовое вознаграждение и репутацию.\n\nОткройте экран <b>КОНТРАКТЫ</b>, чтобы увидеть список доступных контрактов.
tutorial_financepassengersinbound | The passengers will be delivered to the <b>PROCYON</b> by shuttle. | Пассажиры будут доставлены на <b>PROCYON</b> челноком.
tutorial_financepreparejump | Click on <b>PREPARE JUMP</b> to align the ship and prepare for hyperspace. | Нажмите на <b>ПОДГОТОВИТЬ ПРЫЖОК</b>, чтобы выровнять корабль и подготовиться к гиперпространству.
tutorial_financepreparingjump | The <b>PROCYON</b> will align for hyperspace, and prepare the <b>FTL</b> drive to make the jump. | <b>PROCYON</b> выровняется для гиперпространства и подготовит <b>ГИПЕРДВИГАТЕЛЬ</b> для совершения прыжка.
tutorial_financesectormap | All passengers have been delivered to the <b>PROCYON</b>, and our <b>FTL</b> drive is operational. We must now plot an <b>FTL</b> jump to their destination.\n\nOpen the <b>SECTOR MAP</b>. | Все пассажиры доставлены на <b>PROCYON</b>, и наш <b>ГИПЕРДВИГАТЕЛЬ</b> работает. Теперь мы должны проложить <b>ГИПЕРПРЫЖОК</b> к их месту назначения.\n\nОткройте <b>КАРТУ СЕКТОРА</b>.
tutorial_financeselectmission | We now need to turn in our completed passenger contract.\n\nOpen the <b>CONTRACTS</b> screen and select the passenger mission. | Теперь нам нужно сдать наш выполненный контракт на пассажиров.\n\nОткройте экран <b>КОНТРАКТЫ</b> и выберите миссию с пассажирами.
tutorial_financeselectship | Contracts are assigned to the ship you currently have selected.\n\nOnly the <b>PROCYON</b> can travel between locations, so select the <b>PROCYON</b>. | Контракты назначаются кораблю, который вы выбрали в данный момент.\n\nТолько <b>PROCYON</b> может перемещаться между локациями, поэтому выберите <b>PROCYON</b>.
tutorial_financeselecttransport | Here we have a <b>TRANSPORT PASSENGER</b> contract, click it to see more details. | Здесь у нас контракт <b>ПЕРЕВОЗКА</b>, щелкните по нему, чтобы увидеть подробности.
tutorial_financesetdestination | This is a map of all the systems in this sector.\n\nOur ship and our space station are located in the middle, where the map is marked <b>YOU-ARE-HERE</b>.\n\nSet a course to the destination (labelled <b>TRANSPORT</b> PASSENGERS) by clicking on it. | Это карта всех систем в этом секторе.\n\nНаш корабль и наша космическая станция расположены в центре, где на карте отмечено <b>ВЫ-ЗДЕСЬ</b>.\n\nПроложите курс к месту назначения (помечено как <b>ПЕРЕВОЗКА</b>), щелкнув по нему.
tutorial_financeturnin | Click the <b>DELIVER</b> button to drop off the passengers and receive payment | Нажмите кнопку <b>ДОСТАВИТЬ</b>, чтобы высадить пассажиров и получить оплату
tutorial_financeturningin | A shuttle will be dispatched to collect the passengers. | Челнок будет отправлен для сбора пассажиров.
tutorial_fleetcrew | We will need a crew. Hire five <b>CREW MEMBERS</b> from the <b>TRADE</b> screen. | Нам понадобится экипаж. Наймите пять <b>ЧЛЕНОВ ЭКИПАЖА</b> через экран <b>ТОРГОВЛЯ</b>.
tutorial_fleetcrew_shiftclick | <b>NOTE</b>: You can <b>SHIFT CLICK</b> to hire in multiples of 5. | <b>ПРИМЕЧАНИЕ</b>: Вы можете <b>ЗАЖАТЬ SHIFT И КЛИКНУТЬ</b> для найма кратно 5.
tutorial_fleetcrewarrival | Your new crew will arrive by shuttle. | Ваш новый экипаж прибудет на челноке.
tutorial_fleetresources | We also need resources for the ship to function.\n\nUse the <b>TRADE</b> screen to buy:\n- 5x <b>FUEL</b>\n- 5x <b>OXYGEN</b>\n- 5x <b>FTL CHARGE</b>\n- 2x <b>FOOD</b>\n- 2x <b>WATER</b>.\n\nCONFIRM the trade when you are done. | Нам также нужны ресурсы для работы корабля.\n\nИспользуйте экран <b>ТОРГОВЛЯ</b>, чтобы купить:\n- 5x <b>ТОПЛИВО</b>\n- 5x <b>КИСЛОРОД</b>\n- 5x <b>ГИПЕРТОПЛИВО</b>\n- 2x <b>ЕДА</b>\n- 2x <b>ВОДА</b>.\n\n<b>ПОДТВЕРДИТЕ</b> сделку, когда закончите.
tutorial_fleetspacesuits | Those crew will also need <b>SPACESUITS</b> as there is no atmosphere onboard our ship yet.\n\nOrder five <b>SPACESUITS</b> for the new crew. | Этому экипажу также понадобятся <b>КОСМИЧЕСКИЕ СКАФАНДРЫ</b>, так как на нашем корабле пока нет атмосферы.\n\nЗакажите пять <b>КОСМИЧЕСКИХ СКАФАНДРОВ</b> для нового экипажа.
tutorial_fleettrade | The ship is fitted with engines and an <b>FTL</b> drive for Interstellar Travel! But it does need a crew.\n\nOpen the <b>TRADE</b> screen. | Корабль оснащен двигателями и <b>ГИПЕРДВИГАТЕЛЕМ</b> для межзвездных путешествий! Но ему нужен экипаж.\n\nОткройте экран <b>ТОРГОВЛЯ</b>.
tutorial_fleettradeconfirm | <b>CONFIRM</b> the trade. | <b>ПОДТВЕРДИТЕ</b> сделку.
tutorial_fleetwaitforpowerup | Your crew will now power up the ship and bring the engines and life support online. | Ваш экипаж теперь запустит корабль и запустит двигатели и систему жизнеобеспечения.
tutorial_flight_title | FLIGHT | ПОЛЕТ
tutorial_flightengines | We can directly control our engine <b>THROTTLE</b> from here.\n\nTry increasing your engine throttle with this control. | Мы можем напрямую управлять <b>ТЯГОЙ ДВИГАТЕЛЯ</b> отсюда.\n\nПопробуйте увеличить тягу двигателя с помощью этого элемента управления.
tutorial_flightexittactical | Exit <b>TACTICAL</b> mode by clicking the button again, or pressing <b>{ToggleTactical}</b>. | Выйдите из режима <b>ТАКТИКА</b>, снова нажав на кнопку или клавишу <b>{ToggleTactical}</b>.
tutorial_flightinformation | Your crew will continue to operate the ship and keep the engines running as you travel around. Try flying around the system until you have a handle on the controls.\n\nWhen you are ready, bring the ship to a stop by setting the <b>THROTTLE</b> to zero in <b>TACTICAL</b> mode. | Ваш экипаж будет продолжать управлять кораблем и поддерживать работу двигателей, пока вы путешествуете. Попробуйте полетать по системе, пока не освоитесь с управлением.\n\nКогда будете готовы, остановите корабль, установив <b>ТЯГУ ДВИГАТЕЛЯ</b> на ноль в <b>ТАКТИЧЕСКОМ</b> режиме.
tutorial_flightsetcourse | We can send our ship to a specific location by <b>RIGHT-CLICKING</b>. Try setting a destination by right clicking in the tactical view. | Мы можем отправить наш корабль в определенное место, <b>ЩЕЛКНУВ ПРАВОЙ КНОПКОЙ МЫШИ</b>. Попробуйте установить пункт назначения, щелкнув правой кнопкой мыши в тактическом режиме.
tutorial_flighttactical | We should give our engines a small test flight.  To maneuver our ship, switch into <b>TACTICAL</b> mode by clicking the highlighted button, or pressing <b>{ToggleTactical}</b>. | Нам следует провести небольшой испытательный полет двигателей.  Для маневрирования кораблем переключитесь в режим <b>ТАКТИКА</b>, нажав на выделенную кнопку или клавишу <b>{ToggleTactical}</b>.
tutorial_flightturning | We can also turn the ship by left clicking in <b>TACTICAL</b> mode, in the direction we wish to travel. | Мы также можем поворачивать корабль, щелкая левой кнопкой мыши в <b>ТАКТИЧЕСКОМ</b> режиме в направлении, в котором хотим двигаться.
tutorial_ftl_title | FASTER THAN LIGHT | БЫСТРЕЕ СВЕТА
tutorial_ftladdftldrive | Add one <b>FTL</b> drive to our order by clicking on the entry in the list. | Добавьте один <b>ГИПЕРДВИГАТЕЛЬ</b> в наш заказ, щелкнув по записи в списке.
tutorial_ftladdftlfuel | <b>FTL</b> drives consume one fuel charge per jump. Add 5 <b>FTL</b> Charges to the order as well. | <b>ГИПЕРДВИГАТЕЛИ</b> расходуют одну единицу топлива за прыжок. Добавьте 5 <b>ГИПЕРТОПЛИВА</b> к заказу также.
tutorial_ftlconfirmorder | Confirm the order. | Подтвердите заказ.
tutorial_ftldelivery | A shuttle will deliver the items to us. | Челнок доставит нам предметы.
tutorial_ftlinstallftl | Install the <b>FTL</b> drive anywhere in your ship. | Установите <b>ГИПЕРДВИГАТЕЛЬ</b> в любом месте вашего корабля.
tutorial_ftlintro | We cannot deliver those passengers to their destination without Faster-Than-Light travel. Unfortunately this ship is not equipped with its own <b>FTL</b> drive.\n\nWe'll need to buy one and set it up. | Мы не можем доставить этих пассажиров к месту назначения без путешествия быстрее света. К сожалению, этот корабль не оснащен собственным <b>ГИПЕРДВИГАТЕЛЕМ</b>.\n\nНам нужно купить его и установить.
tutorial_ftlpowerftl | Connect the <b>FTL</b> drive to your power network. | Подключите <b>ГИПЕРДВИГАТЕЛЬ</b> к вашей энергосети.
tutorial_ftlselectpropulsion | The items we need are listed under <b>PROPULSION</b>. Select that category. | Предметы, которые нам нужны, перечислены в разделе <b>ДВИЖЕНИЕ</b>. Выберите эту категорию.
tutorial_ftlstoragedone | The crew will move all the <b>FTL</b> Charges into this zone. | Экипаж переместит все <b>ГИПЕРТОПЛИВО</b> в эту зону.
tutorial_ftlstoragetoolbar | We can make things more efficient for our crew by telling them to store <b>FTL</b> Charges near the <b>FTL</b> drive.\n\nSelect <b>STORAGE</b> from the <b>CONSTRUCTION</b> toolbar, then select <b>FTL</b> Charges from the list. | Мы можем сделать работу более эффективной для нашего экипажа, сказав им хранить <b>ГИПЕРТОПЛИВО</b> рядом с <b>ГИПЕРДВИГАТЕЛЕМ</b>.\n\nВыберите <b>ХРАНИЛИЩЕ</b> на панели инструментов <b>СТРОИТЕЛЬСТВО</b>, затем выберите <b>ГИПЕРТОПЛИВО</b> из списка.
tutorial_ftlstorageworld | Now drag out a storage zone near to the <b>FTL</b> drive. | Теперь растяните зону хранения рядом с <b>ГИПЕРДВИГАТЕЛЕМ</b>.
tutorial_ftltradescreen | Open the trade screen to purchase an <b>FTL</b> drive. | Откройте экран торговли, чтобы купить <b>ГИПЕРДВИГАТЕЛЬ</b>.
tutorial_introduction_title | TUTORIAL | ОБУЧЕНИЕ
tutorial_introduction1 | Welcome to our new home. | Добро пожаловать в наш новый дом.
tutorial_introduction2 | This vessel is fresh out of the shipyard production line.\n\nIt's just an empty hull right now, without power or a breathable atmosphere. Our first job is to fix that.\n\nClick <b>NEXT</b> to continue. | Этот корабль только что сошел с производственной линии верфи.\n\nСейчас это просто пустой корпус без энергии и пригодной для дыхания атмосферы. Наша первая задача - исправить это.\n\nНажмите <b>ДАЛЕЕ</b>, чтобы продолжить.
tutorial_logistics_crew_title | CREW LOGISTICS | ЛОГИСТИКА ЭКИПАЖА
tutorial_logisticscrewclicktarget | Click in the <b>CREW</b> cell of the <b>DESTINATION</b> ship to request 5 crew to transfer. | Щелкните в ячейке <b>ЭКИПАЖ</b> корабля <b>НАЗНАЧЕНИЕ</b>, чтобы запросить перевод 5 членов экипажа.
tutorial_logisticscrewclicktarget_shiftclick | <b>NOTE</b>: You can <b>SHIFT CLICK</b> to request transfer in multiples of 5. | <b>ПРИМЕЧАНИЕ</b>: Вы можете <b>ЗАЖАТЬ SHIFT И КЛИКНУТЬ</b> для запроса перевода кратно 5.
tutorial_logisticscrewopen | Open the Fleet Logistics window. | Откройте окно Логистики Флота.
tutorial_logisticscrewselectfrom | Select the <b>SOURCE</b> ship that the crew will come <b>FROM</b>. | Выберите корабль <b>ИСТОЧНИК</b>, с которого прибудет экипаж.
tutorial_logisticscrewselectship | Select the <b>UMC</b> Astral Temptress. \n\n As you can see it has no crew. | Выберите <b>UMC</b> Astral Temptress. \n\n Как вы можете видеть, у него нет экипажа.
tutorial_logisticscrewstart | We are now going to learn how to transfer crew from one ship to another.\n\nThe two ships must be docked so that the crew can walk from one ship to another. | Теперь мы научимся переводить экипаж с одного корабля на другой.\n\nДва корабля должны быть состыкованы, чтобы экипаж мог переходить с одного корабля на другой.
tutorial_logisticscrewsuccess | Well done. You have transferred some crew successfully! | Отлично. Вы успешно перевели экипаж!
tutorial_logisticscrewswitchtonormalview | First, switch back to normal view by leaving tactical mode. | Сначала вернитесь в обычный режим, выйдя из тактического режима.
tutorial_logisticscrewwait | Excellent. Now we just need to wait for the crew to transfer. | Отлично. Теперь нам просто нужно дождаться перевода экипажа.
tutorial_mining_title | MINING | ДОБЫЧА
tutorial_miningfleetorders | You also need to make sure that <b>GATHER MATERIALS</b> is enabled in <b>FLEET ORDERS</b>. | Вам также нужно убедиться, что <b>СОБИРАТЬ МАТЕРИАЛЫ</b> включено в <b>ПРИКАЗАХ ФЛОТА</b>.
tutorial_miningflytodeposit | This system seems to have asteroids containing Tilium Ore, fly close to one of them. | В этой системе, похоже, есть астероиды, содержащие Тилиевую Руду, подлетите близко к одному из них.
tutorial_miningflytosystem | Look at the rocks on the map, these indicate <b>ASTEROID BELTS</b>. \n\nFly to a system in an asteroid belt, it will probably contain Tilium Ore. | Посмотрите на камни на карте, они указывают на <b>ПОЯСА АСТЕРОИДОВ</b>. \n\nПолетите в систему в поясе астероидов, она, вероятно, содержит Тилиевую Руду.
tutorial_mininggetinrange | Move your ship until the mineral patch is in the range of fire. | Переместите свой корабль, пока месторождение минералов не окажется в секторе обстрела.
tutorial_mininginstalldronebay | Drones will collect mined resources.\n\nInstall a <b>DRONE BAY</b> so your drones can collect the Tilium Ore. | Дроны будут собирать добытые ресурсы.\n\nУстановите <b>ОТСЕК ДЛЯ ДРОНОВ</b>, чтобы ваши дроны могли собирать Тилиевую Руду.
tutorial_mininginstalllaser | You will need a Mining Laser. These use a lot of power so consider installing extra reactors or batteries.\n\nInstall a <b>MINING LASER</b> and connect it to the power grid. | Вам понадобится Шахтерский Лазер. Они потребляют много энергии, поэтому подумайте об установке дополнительных реакторов или батарей.\n\nУстановите <b>ШАХТЕРСКИЙ ЛАЗЕР</b> и подключите его к энергосети.
tutorial_mininginstallsmelter | You will need to smelt the raw Tilium Ore to crystals.\n\nInstall a <b>SMELTER</b>. | Вам нужно будет переплавить сырую Тилиевую Руду в кристаллы.\n\nУстановите <b>ПЛАВИЛЬНУЮ ПЕЧЬ</b>.
tutorial_miningopenmap | Now open the sector map (<b>{ToggleMap}</b>). | Теперь откройте карту сектора (<b>{ToggleMap}</b>).
tutorial_miningopenweaponscontrol | Open the weapons control panel. | Откройте панель управления оружием.
tutorial_miningrange | You can see the range of mining lasers by hovering over them. Mining lasers will fire at mineral patches in their field of fire. | Вы можете увидеть радиус действия шахтерских лазеров, наведя на них курсор. Шахтерские лазеры будут стрелять по месторождениям минералов в их секторе обстрела.
tutorial_miningselectlaser | You can also target specific mineral patches.\n\nFirst, select which laser you would like to use.\n\nYou can <b>SHIFT CLICK</b> to select multiple lasers. | Вы также можете нацеливаться на конкретные месторождения минералов.\n\nСначала выберите, какой лазер вы хотите использовать.\n\nВы можете <b>ЗАЖАТЬ SHIFT И КЛИКНУТЬ</b> для выбора нескольких лазеров.
tutorial_miningselecttarget | Target a Tilium Ore patch by clicking on one while having a mining laser selected. | Нацельтесь на месторождение Тилиевой Руды, щелкнув по нему при выбранном шахтерском лазере.
tutorial_miningsetsmelter | Right click on the <b>SMELTER</b> and select <b>TILIUM ORE</b> to smelt it into Tilium Crystals. | Щелкните правой кнопкой мыши по <b>ПЛАВИЛЬНОЙ ПЕЧИ</b> и выберите <b>ТИЛИЕВАЯ РУДА</b>, чтобы переплавить её в Тилиевые Кристаллы.
tutorial_miningstart | We are now going to learn how to mine and collect resources from asteroids. | Теперь мы научимся добывать и собирать ресурсы с астероидов.
tutorial_miningsuccess | Well done, you have produced Tilium Cystals. | Отлично, вы произвели Тилиевые Кристаллы.
tutorial_miningswitchtotactical | Switch to tactical mode. | Переключитесь на режим тактика.
tutorial_miningundock | Make sure to <b>UNDOCK</b> from any other ship (from the <b>TACTICAL</b> screen). | Убедитесь, что вы <b>ОТСТЫКОВАЛИСЬ</b> от любого другого корабля (через режим <b>ТАКТИКА</b>).
tutorial_miningwaitsmelter | Perfect! Now wait for your smelter to smelt the Tilium Ore. | Отлично! Теперь подождите, пока ваша плавильная печь переплавит Тилиевую Руду.
tutorial_next | NEXT | ДАЛЕЕ
tutorial_power_title | INSTALLING POWER | УСТАНОВКА ЭНЕРГИИ
tutorial_power_titlecomplete | POWER INSTALLED | ЭНЕРГИЯ УСТАНОВЛЕНА
tutorial_powerinstallmenu | Let's begin by installing a <b>REACTOR</b>, to generate power for our ship.\n\nClick into the <b>CONSTRUCTION</b> menu, then click <b>INSTALL</b>. | Давайте начнем с установки <b>РЕАКТОРА</b> для выработки энергии для нашего корабля.\n\nЩелкните меню <b>СТРОИТЕЛЬСТВО</b>, затем нажмите <b>УСТАНОВИТЬ</b>.
tutorial_powerpipeconnect | Drag a pipe from the <b>FUEL LOADER</b> to the <b>REACTOR</b>, connecting the yellow pipe circles.\n\nFUEL <b>PIPES</b> are used to connect the output from one piece of equipment into the input of another.\n\nFUEL <b>PIPES</b> are yellow and must connect the yellow circles on equipment. | Протяните трубу от <b>ПОГРУЗЧИКА ТОПЛИВА</b> к <b>РЕАКТОРУ</b>, соединив желтые круги труб.\n\n<b>ТРУБЫ</b> топлива используются для соединения выхода одного оборудования со входом другого.\n\n<b>ТРУБЫ</b> топлива желтые и должны соединять желтые круги на оборудовании.
tutorial_powerplaceloader | Stamp the <b>FUEL LOADER</b> down somewhere near the <b>REACTOR</b>. | Разместите <b>ПОГРУЗЧИК ТОПЛИВА</b> где-нибудь рядом с <b>РЕАКТОРОМ</b>.
tutorial_powerplacereactor | Stamp the <b>REACTOR</b> down inside your ship. | Разместите <b>РЕАКТОР</b> внутри вашего корабля.
tutorial_powerreactoractive | The <b>REACTOR</b> is activated! We are now generating power for our ship. | <b>РЕАКТОР</b> активирован! Теперь мы вырабатываем энергию для нашего корабля.
tutorial_powerreactorinprogress | Your crew will install the <b>REACTOR</b>. | Ваш экипаж установит <b>РЕАКТОР</b>.
tutorial_powerreactorpowerup | The <b>REACTOR</b> is starting up. | <b>РЕАКТОР</b> запускается.
tutorial_powerselectloader | The <b>REACTOR</b> needs <b>FUEL</b>, and we use a <b>FUEL LOADER</b> to pump it to the <b>REACTOR</b>.\n\nSelect the <b>FUEL LOADER</b> from the Construction menu. | <b>РЕАКТОРУ</b> нужно <b>ТОПЛИВО</b>, и мы используем <b>ПОГРУЗЧИК ТОПЛИВА</b> для его подачи в <b>РЕАКТОР</b>.\n\nВыберите <b>ПОГРУЗЧИК ТОПЛИВА</b> из меню Строительство.
tutorial_powerselectpipes | We need to connect the <b>FUEL LOADER</b> to the <b>REACTOR</b>, using a Pipe.\n\nSelect <b>PIPES</b> from the Construction Menu. | Нам нужно подключить <b>ПОГРУЗЧИК ТОПЛИВА</b> к <b>РЕАКТОРУ</b> с помощью трубы.\n\nВыберите <b>ТРУБЫ</b> из меню Строительство.
tutorial_powerselectreactor | This is all the boxed equipment you have available on-board.\n\nSelect <b>REACTOR</b> from the list. | Это все упакованное оборудование, доступное на борту.\n\nВыберите <b>РЕАКТОР</b> из списка.
tutorial_productionstart | We are now going to learn how to produce <b>STARGATE FRAMES</b>. | Теперь мы научимся производить <b>РАМЫ ЗВЕЗДНЫХ ВРАТ</b>.
tutorial_productionsuccess | Well done, you are now all set to produce <b>STARGATE FRAMES</b>. | Отлично, теперь вы полностью готовы к производству <b>РАМ ЗВЕЗДНЫХ ВРАТ</b>.
tutorial_radiation_title | RADIATION | РАДИАЦИЯ
tutorial_radiationinstallblockers | Radiation spread can be limited by special equipment called radiation blockers.\n\nInstall some blockers close to your laser infuser, leaving a small gap between the infuser and the blocker.\n\nIncrease the game speed when you are ready. | Распространение радиации может быть ограничено специальным оборудованием, называемым блокаторами радиации.\n\nУстановите несколько блокаторов близко к вашему лазерному инфузору, оставив небольшой зазор между инфузором и блокатором.\n\nУвеличьте скорость игры, когда будете готовы.
tutorial_radiationinstallinfuser | A laser infuser has been delivered to your ship.\n\nLaser infusers are used to charge empty crystals with zeleon gas and will emit radiation to the surrounding area while powered.\n\nInstall the laser infuser in a clear area. | Лазерный инфузор был доставлен на ваш корабль.\n\nЛазерные инфузоры используются для зарядки пустых кристаллов газом зелеона и будут излучать радиацию в окружающую область при работе.\n\nУстановите лазерный инфузор в свободной области.
tutorial_radiationintro | We are going to learn about radiation. | Мы собираемся узнать о радиации.
tutorial_radiationoutro | Your crew will become sick if exposed to unsafe radiation for too long, which may eventually result in death. | Ваш экипаж заболеет, если будет слишком долго подвергаться опасной радиации, что в конечном итоге может привести к смерти.
tutorial_radiationselectoverlay | The game has been set to a slower speed for now.\n\nRadiation is emitted in all directions away from the laser infuser.\n\nClick on the radiation overlay to view where your ship is irradiated. | Скорость игры была установлена медленнее на данный момент.\n\nРадиация излучается во всех направлениях от лазерного инфузора.\n\nНажмите на наложение радиации, чтобы увидеть, где ваш корабль облучен.
tutorial_radiationselectoverlay2 | All green areas of your ship are safe for your crew, but the darker areas are dangerous.\n\nSpacesuits will protect your crew from being irradiated. | Все зеленые области вашего корабля безопасны для вашего экипажа, но более темные области опасны.\n\nКосмические скафандры защитят ваш экипаж от облучения.
tutorial_radiationselectoverlay3 | A radiation blocker will lower the radiation travelling through it, this can be seen on the radiation overlay. | Блокатор радиации снизит радиацию, проходящую через него, это можно увидеть на наложении радиации.
tutorial_radiationsetupinfuser | An empty crystal and some zeleon energy cells have been delivered to your ship too.\n\nLet's set the laser infuser to use them to produce charged crystals. | Пустой кристалл и несколько энергетических ячеек зелеона также были доставлены на ваш корабль.\n\nДавайте настроим лазерный инфузор на использование их для производства заряженных кристаллов.
tutorial_radiationsuccess | Well done, you have now learnt how radiation works and how to manage radiation levels in your ship. | Отлично, теперь вы узнали, как работает радиация и как управлять уровнем радиации на вашем корабле.
tutorial_radiationwaitforinputs | The laser infuser is set to start making charged crystals!\n\nLet's wait for it to begin charging crystals.\n\nDon't forget to power the Laser Infuser. | Лазерный инфузор настроен на начало производства заряженных кристаллов!\n\nДавайте подождем, пока он начнет заряжать кристаллы.\n\nНе забудьте запитать Лазерный Инфузор.
tutorial_resin_title | GAS COLLECTORS | ГАЗОСБОРНИКИ
tutorial_resinchemicallabrecipe | Right click on the <b>CHEMICAL LAB</b> and set its recipe to <b>MAKE STARGATE RESIN</b>. | Щелкните правой кнопкой мыши по <b>ХИМИЧЕСКОЙ ЛАБОРАТОРИИ</b> и установите её рецепт на <b>ИЗГОТОВИТЬ СМОЛУ ЗВЕЗДНЫХ ВРАТ</b>.
tutorial_resinconnectchemicallab | Connect the <b>REFINERY</b> to the <b>CHEMICAL LAB</b> with a <b>PIPE</b>. | Подключите <b>ХИМИЧЕСКИЙ ЗАВОД</b> к <b>ХИМИЧЕСКОЙ ЛАБОРАТОРИИ</b> с помощью <b>ТРУБЫ</b>.
tutorial_resinconnectgascollector | Connect the <b>GAS COLLECTOR</b> to the <b>REFINERY</b> with a <b>PIPE</b>. | Подключите <b>ГАЗОСБОРНИК</b> к <b>ХИМИЧЕСКОМУ ЗАВОДУ</b> с помощью <b>ТРУБЫ</b>.
tutorial_resininstallgascollector | Install the <b>GAS COLLECTOR</b>, <b>REFINERY</b> and <b>CHEMICAL LAB</b> so that they are close to each other. | Установите <b>ГАЗОСБОРНИК</b>, <b>ХИМИЧЕСКИЙ ЗАВОД</b> и <b>ХИМИЧЕСКУЮ ЛАБОРАТОРИЮ</b> так, чтобы они были близко друг к другу.
tutorial_resinintro | Turning our attention back to the Stargate, the Stargate project also requires us to produce <b>STARGATE RESIN</b>.\n\nWe are going to use the <b>INDUSTRIOUS</b> to collect <b>METREON GAS</b>, refine it, and process it into <b>STARGATE RESIN</b>. | Обращая наше внимание обратно к Звездным Вратам, проект Звездные Врата также требует от нас производства <b>СМОЛЫ ЗВЕЗДНЫХ ВРАТ</b>.\n\nМы собираемся использовать <b>INDUSTRIOUS</b> для сбора <b>ГАЗА МЕТРЕОНА</b>, переработки его и обработки в <b>СМОЛУ ЗВЕЗДНЫХ ВРАТ</b>.
tutorial_resinintro2 | Raise enough money to purchase for <b>INDUSTRIOUS</b>:\n\n- 1x <b>GAS COLLECTOR</b>\n- 1x <b>REFINERY</b>\n- 1x <b>CHEMICAL LAB</b> | Соберите достаточно денег для покупки для <b>INDUSTRIOUS</b>:\n\n- 1x <b>ГАЗОСБОРНИК</b>\n- 1x <b>ХИМИЧЕСКИЙ ЗАВОД</b>\n- 1x <b>ХИМИЧЕСКАЯ ЛАБОРАТОРИЯ</b>
tutorial_resinjumptonebula | Close the sector map and use the <b>FTL</b> Window to jump the <b>INDUSTRIOUS</b> to the nebula. | Закройте карту сектора и используйте окно <b>ГИПЕРДВИГАТЕЛЬ</b>, чтобы переместить <b>INDUSTRIOUS</b> в туманность.
tutorial_resinpowerup | Power up the <b>GAS COLLECTOR</b>, <b>REFINERY</b> and <b>CHEMICAL LAB</b>. | Запустите <b>ГАЗОСБОРНИК</b>, <b>ХИМИЧЕСКИЙ ЗАВОД</b> и <b>ХИМИЧЕСКУЮ ЛАБОРАТОРИЮ</b>.
tutorial_resinrefineryrecipe | Right click on the <b>REFINERY</b> and set its recipe to <b>REFINE METREON GAS</b>. | Щелкните правой кнопкой мыши по <b>ХИМИЧЕСКОМУ ЗАВОДУ</b> и установите его рецепт на <b>ПЕРЕРАБОТАТЬ ГАЗ МЕТРЕОНА</b>.
tutorial_resinselectnebula | Before we can start collecting the <b>METREON GAS</b>, we need to move the <b>INDUSTRIOUS</b> to a system containing a <b>GAS CLOUD</b>.\n\nUse the <b>SECTOR MAP</b> to select a suitable destination. | Прежде чем мы сможем начать сбор <b>ГАЗА МЕТРЕОНА</b>, нам нужно переместить <b>INDUSTRIOUS</b> в систему, содержащую <b>ГАЗОВОЕ ОБЛАКО</b>.\n\nИспользуйте <b>КАРТУ СЕКТОРА</b>, чтобы выбрать подходящее место назначения.
tutorial_resinstart | We are now going to learn how to produce <b>STARGATE RESIN</b>. | Теперь мы научимся производить <b>СМОЛУ ЗВЕЗДНЫХ ВРАТ</b>.
tutorial_resinsuccess | Well done, you have started to produce <b>STARGATE RESIN</b>.\n\nWhen you have produced enough, travel back to any <b>COLONY</b>, <b>SHIP YARD</b> or the <b>STARGATE</b> system to sell it to the <b>STARGATE PROJECT</b>. | Отлично, вы начали производить <b>СМОЛУ ЗВЕЗДНЫХ ВРАТ</b>.\n\nКогда вы произведете достаточно, вернитесь на любую <b>КОЛОНИЮ</b>, <b>ВЕРФЬ</b> или в систему <b>ЗВЕЗДНЫЕ ВРАТА</b>, чтобы продать её <b>ПРОЕКТУ ЗВЕЗДНЫЕ ВРАТА</b>.
tutorial_smelters_title | SMELTERS | ПЛАВИЛЬНЫЕ ПЕЧИ
tutorial_smeltersbuild | But we do have plenty of <b>SCRAP METAL</b>, and we can melt that down in a <b>SMELTER</b>.\n\nBuild a <b>SMELTER</b> somewhere near the production line. | Но у нас есть много <b>МЕТАЛЛОЛОМА</b>, и мы можем переплавить его в <b>ПЛАВИЛЬНОЙ ПЕЧИ</b>.\n\nПостройте <b>ПЛАВИЛЬНУЮ ПЕЧЬ</b> где-нибудь рядом с производственной линией.
tutorial_smeltersdismantle | There is a ton of <b>RUINED EQUIPMENT</b> around this old station, that we can break down into <b>SCRAP METAL</b>.\n\nSelect <b>DISMANTLE</b> from the <b>CONSTRUCTION</b> toolbar. | На этой старой станции полно <b>РАЗРУШЕННОГО ОБОРУДОВАНИЯ</b>, которое мы можем разобрать на <b>МЕТАЛЛОЛОМ</b>.\n\nВыберите <b>ДЕМОНТАЖ</b> на панели инструментов <b>СТРОИТЕЛЬСТВО</b>.
tutorial_smeltersintroduction | We are going to need a lot of <b>METAL INGOTS</b> if we're to make enough of those <b>STARGATE FRAMES</b>.\n\nWe don't have many <b>METAL INGOTS</b> on board, and will run out soon. | Нам понадобится много <b>ЖЕЛЕЗНЫХ СЛИТКОВ</b>, если мы хотим изготовить достаточно <b>РАМ ЗВЕЗДНЫХ ВРАТ</b>.\n\nУ нас на борту немного <b>ЖЕЛЕЗНЫХ СЛИТКОВ</b>, и скоро они закончатся.
tutorial_smeltersoperational | The crew will now load in all the <b>SCRAP METAL</b> and smelt it into much more useful <b>METAL INGOTS</b>. | Экипаж теперь загрузит весь <b>МЕТАЛЛОЛОМ</b> и переплавит его в гораздо более полезные <b>ЖЕЛЕЗНЫЕ СЛИТКИ</b>.
tutorial_smelterspower | Connect the smelters to the <b>REACTOR</b> using <b>POWER CABLES</b> | Подключите плавильные печи к <b>РЕАКТОРУ</b> с помощью <b>КАБЕЛЕЙ ПИТАНИЯ</b>
tutorial_smelterssalvage | Click on the nearby <b>RUINED EQUIPMENT</b> to instruct your crew to dismantle it into <b>SCRAP METAL</b>. | Щелкните на близлежащем <b>РАЗРУШЕННОМ ОБОРУДОВАНИИ</b>, чтобы дать указание вашему экипажу демонтировать его в <b>МЕТАЛЛОЛОМ</b>.
tutorial_smeltersscrapmetal | Right click on the <b>SMELTER</b> and set its material to be <b>SCRAP METAL</b>. | Щелкните правой кнопкой мыши по <b>ПЛАВИЛЬНОЙ ПЕЧИ</b> и установите её материал на <b>МЕТАЛЛОЛОМ</b>.
tutorial_smeltersstoragedone | The crew will move all the <b>SCRAP METAL</b> into this zone. | Экипаж переместит весь <b>МЕТАЛЛОЛОМ</b> в эту зону.
tutorial_smeltersstoragetoolbar | We can make things more efficient for our crew by telling them to store <b>SCRAP METAL</b> near to the <b>SMELTER</b>.\n\nSelect <b>STORAGE</b> from the <b>CONSTRUCTION</b> toolbar, then select <b>SCRAP METAL</b> from the list. | Мы можем сделать работу более эффективной для нашего экипажа, сказав им хранить <b>МЕТАЛЛОЛОМ</b> рядом с <b>ПЛАВИЛЬНОЙ ПЕЧЬЮ</b>.\n\nВыберите <b>ХРАНИЛИЩЕ</b> на панели инструментов <b>СТРОИТЕЛЬСТВО</b>, затем выберите <b>МЕТАЛЛОЛОМ</b> из списка.
tutorial_smeltersstorageworld | Now drag out a storage zone near to the <b>SMELTER</b>. | Теперь растяните зону хранения рядом с <b>ПЛАВИЛЬНОЙ ПЕЧЬЮ</b>.
tutorial_stargatejump_title | STARGATE JUMPING | ПРЫЖКИ ЧЕРЕЗ ЗВЕЗДНЫЕ ВРАТА
tutorial_stargatejumpabortjump | We will need to abort the jump that's currently planned. | Нам нужно будет отменить прыжок, который в настоящее время запланирован.
tutorial_stargatejumphighlightalign | When no jump is planned on the sector map, you can align your fleet for a Stargate jump. | Когда на карте сектора не запланирован прыжок, вы можете выровнять ваш флот для прыжка через Звездные Врата.
tutorial_stargatejumphighlightaligning | Great! The selected ships will now align for the jump. | Отлично! Выбранные корабли теперь выровняются для прыжка.
tutorial_stargatejumphighlightjump | Your fleet is ready to jump to the new sector!\n\nYou can come back to this sector by performing another Stargate jump. | Ваш флот готов к прыжку в новый сектор!\n\nВы можете вернуться в этот сектор, совершив еще один прыжок через Звездные Врата.
tutorial_stargatejumpintro | The Stargate enables travel between different sectors.\n\nThe jump costs a single <b>FTL</b> charge and the Stargate will use more power while a jump is in progress. | Звездные Врата позволяют перемещаться между различными секторами.\n\nПрыжок стоит одну единицу <b>ГИПЕРТОПЛИВА</b>, и Звездные Врата будут использовать больше энергии во время прыжка.
tutorial_stargatejumpnopower | The Stargate currently has lost power and needs to be started again.\n\nUse energy transmitters to power the Stargate.\n\nWhen the Stargate is ready, we will try again! | Звездные Врата в настоящее время потеряли энергию и должны быть снова запущены.\n\nИспользуйте передатчики энергии для питания Звездных Врат.\n\nКогда Звездные Врата будут готовы, мы попробуем снова!
tutorial_stargatejumpopenftl | First, let's open the <b>FTL</b> window. | Сначала давайте откроем окно <b>ГИПЕРДВИГАТЕЛЬ</b>.
tutorial_stargatejumpselectsystem | Let's have a look at your ship in the Stargate system.\n\nStargate jumps can only be performed from the Stargate system. | Давайте посмотрим на ваш корабль в системе Звездные Врата.\n\nПрыжки через Звездные Врата могут выполняться только из системы Звездные Врата.
tutorial_stargatejumpstart | We are now going to learn how to jump using the newly powered-up Stargate. | Теперь мы научимся совершать прыжки, используя недавно запущенные Звездные Врата.
tutorial_stargatejumpsuccess | Well done. You can now jump between sectors! | Отлично. Теперь вы можете совершать прыжки между секторами!
tutorial_stargatescreen_title | STARGATE PROJECT | ПРОЕКТ ЗВЕЗДНЫЕ ВРАТА
tutorial_stargatescreen1 | Let's turn our attention to the <b>STARGATE PROJECT</b>.\n\nWe can view our progress from the Stargate screen.\n\nOpen the <b>STARGATE</b> screen. | Давайте обратим наше внимание на <b>ПРОЕКТ ЗВЕЗДНЫЕ ВРАТА</b>.\n\nМы можем посмотреть наш прогресс с экрана Звездные Врата.\n\nОткройте экран <b>ЗВЕЗДНЫЕ ВРАТА</b>.
tutorial_stargatescreen2 | This screen shows the phases that require construction in order to complete the <b>STARGATE</b>.\n\nWe are in <b>PHASE</b> 1. Work has only just begun. | Этот экран показывает фазы, требующие строительства для завершения <b>ЗВЕЗДНЫХ ВРАТ</b>.\n\nМы в <b>ФАЗЕ</b> 1. Работа только началась.
tutorial_stargatescreen3 | On the left of the screen you can see the requirements to complete <b>PHASE</b> 1.\n\nWe need to manufacture:\n- 100 <b>STARGATE FRAMES</b>\n- 10 <b>STARGATE RESIN</b> | С левой стороны экрана вы можете увидеть требования для завершения <b>ФАЗЫ</b> 1.\n\nНам нужно произвести:\n- 100 <b>РАМ ЗВЕЗДНЫХ ВРАТ</b>\n- 10 <b>СМОЛЫ ЗВЕЗДНЫХ ВРАТ</b>
tutorial_stargatescreen4 | These <b>PHASE</b> 1 components are easy to manufacture, and we already have what we need onboard.\n\nBut we can sell them to the <b>STARGATE PROJECT</b> for a small fortune. | Эти компоненты <b>ФАЗЫ</b> 1 легко производить, и у нас уже есть то, что нам нужно на борту.\n\nНо мы можем продать их <b>ПРОЕКТУ ЗВЕЗДНЫЕ ВРАТА</b> за небольшое состояние.
tutorial_stargatescreen5 | Close the <b>STARGATE</b> screen by clicking on the toolbar again (or press ESC). | Закройте экран <b>ЗВЕЗДНЫЕ ВРАТА</b>, снова щелкнув по панели инструментов (или нажав ESC).
tutorial_stargatewindowclosewindow | You can now close the Stargate screen. | Теперь вы можете закрыть экран Звездные Врата.
tutorial_stargatewindowhighlightcomponent | Each component you need to manufacture is on the left.\nPlacing your mouse over a component's icon shows how to produce it. | Каждый компонент, который вам нужно произвести, находится слева.\nНаведя мышь на значок компонента, вы увидите, как его произвести.
tutorial_stargatewindowhighlightframes1 | To complete Phase 2, we need to continue manufacturing Stargate Frames.\n\nInstead of 10, we now need 200! | Чтобы завершить Фазу 2, нам нужно продолжать производить Рамы Звездных Врат.\n\nВместо 10 нам теперь нужно 200!
tutorial_stargatewindowhighlightframes2 | Sell your frames at a trading post to submit them to the Andromeda Project. | Продайте ваши рамы на торговом посту, чтобы отправить их Проекту Андромеда.
tutorial_stargatewindowhighlightphase2 | Select Phase 2 to see what you need to manufacture for this phase. | Выберите Фазу 2, чтобы увидеть, что вам нужно произвести для этой фазы.
tutorial_stargatewindowhighlightphases | The Stargate's construction is split into phases, with each phase requiring more and more resources.\nYou have just completed Phase 1. | Строительство Звездных Врат разделено на фазы, и каждая фаза требует все больше ресурсов.\nВы только что завершили Фазу 1.
tutorial_stargatewindowintro | The Stargate screen displays everything you need to manufacture to complete the current phase. | Экран Звездные Врата показывает все, что вам нужно произвести для завершения текущей фазы.
tutorial_stargatewindowopenwindow | Select the Stargate button in your toolbar to open the Stargate screen. | Нажмите на кнопку Звездные Врата на вашей панели инструментов, чтобы открыть экран Звездные Врата.
tutorial_survey_title | SECTOR SURVEYING | СКАНИРОВАНИЕ СЕКТОРА
tutorial_surveyhighlightsectorsurveysystem | Hovering the mouse over the current system will reveal the radius around the system that is being scanned and the scan's progress toward finding new points of interest.\n\nOpen the <b>SECTOR MAP</b> and click <b>NEXT</b> to speed-up the survey. | Наведя курсор на текущую систему, вы увидите радиус вокруг сканируемой системы и прогресс сканирования в поиске новых точек интереса.\n\nОткройте <b>КАРТУ СЕКТОРА</b> и нажмите <b>ДАЛЕЕ</b>, чтобы ускорить исследование.
tutorial_surveyinstallcomputers | Install a super-computer on one of your ships.\n\nThis tutorial will resume afterwards. | Установите суперкомпьютер на один из ваших кораблей.\n\nЭто обучение возобновится после этого.
tutorial_surveyinstallsensors | Install Hyperspace Sensors or Hyperspace Sensor LRs onto one of your ships.\n\nThis tutorial will resume afterwards.\n\nIf you are playing the Boldly Go game mode, your ship must also be in the new sector. | Установите Гиперпространственные Сенсоры или Гиперпространственные Сенсоры LR на один из ваших кораблей.\n\nЭто обучение возобновится после этого.\n\nЕсли вы играете в режиме Boldly Go, ваш корабль также должен находиться в новом секторе.
tutorial_surveyintro | We are going to learn how to survey the area around your ship.\n\nThe first step is to scan the local area of the sector surrounding you ship using a <b>SECTOR SCAN</b>.\n\nIn Boldly Go, only the new sector can be surveyed.\n\nHyperspace sensors are required to do this. | Мы собираемся узнать, как исследовать область вокруг вашего корабля.\n\nПервый шаг - просканировать локальную область сектора, окружающего ваш корабль, используя <b>СКАНИРОВАНИЕ СЕКТОРА</b>.\n\nВ Boldly Go может быть просканирован только новый сектор.\n\nДля этого требуются гиперпространственные сенсоры.
tutorial_surveylocalsurveyintro | The next step is to perform a <b>LOCAL SURVEY</b>.\n\nLocal surveys allow points of interest to be accessed via FTL.\n\nShips need to have super computers installed and must be in the same sector to participate in a local survey. | Следующий шаг - выполнить <b>ЛОКАЛЬНОЕ ИССЛЕДОВАНИЕ</b>.\n\nЛокальные исследования позволяют получить доступ к точкам интереса через Гипердвигатель.\n\nКорабли должны иметь установленные суперкомпьютеры и должны находиться в одном секторе для участия в локальном исследовании.
tutorial_surveyoutro | Click <b>NEXT</b> to speed-up the survey. | Нажмите <b>ДАЛЕЕ</b>, чтобы ускорить исследование.
tutorial_surveystartlocalsurvey | Areas of interest will expire after some time if they are not surveyed. Multiple layers can contribute towards a local survey.\n\nClick on the point of interest to begin the local survey. | Зоны интереса истекут через некоторое время, если они не исследованы. Несколько кораблей могут участвовать в локальном исследовании.\n\nНажмите на точку интереса, чтобы начать локальное исследование.
tutorial_surveystartsectorsurvey | Sector scans search for areas of interest in the sector around the system your ship is located in.\n\nThe scan will stop after it has completed. Only one layer in a system can do a sector scan.\n\nClick the button to begin a sector scan. | Сканирование сектора ищет зоны интереса в секторе вокруг системы, в которой находится ваш корабль.\n\nСканирование остановится после завершения. Только один корабль в системе может выполнять сканирование сектора.\n\nНажмите на кнопку, чтобы начать сканирование сектора.
tutorial_surveysuccess | A new system on the sector map has appeared for your fleet to explore!\n\nWell done, you have now learnt how to use sector surveying to find and explore new systems.\n\nKeep an eye out for special loot on surveyed derelict ships that can be researched by your science stations. | На карте сектора появилась новая система для исследования вашим флотом!\n\nОтлично, теперь вы научились использовать сканирование сектора для поиска и исследования новых систем.\n\nСледите за особыми предметами на исследованных заброшенных кораблях, которые могут быть исследованы вашими научными станциями.
tutorial_trade_title | TRADE | ТОРГОВЛЯ
tutorial_tradebuyminerals | <b>METALLIC MINERALS</b> can be smelted into <b>METAL INGOTS</b> just like <b>SCRAP METAL</b>.\n\nAdd all the <b>METALLIC MINERALS</b> to the trade. | <b>ЖЕЛЕЗНАЯ РУДА</b> может быть переплавлена в <b>ЖЕЛЕЗНЫЕ СЛИТКИ</b> так же, как <b>МЕТАЛЛОЛОМ</b>.\n\nДобавьте всю <b>ЖЕЛЕЗНУЮ РУДУ</b> в сделку.
tutorial_tradebuymore | This is a good opportunity to stock up on some other resources that are critical for life support.\n\nWe'd recommend you purchase:\n\n - 2x <b>FUEL</b>\n - 2x <b>OXYGEN</b>\n - 2x <b>WATER</b>\n - 2x <b>FOOD</b>\n\n- <b>HIRE</b> 5 <b>MORE CREW</b>\n\nCONFIRM the order when you are done. | Это хорошая возможность запастись некоторыми другими ресурсами, которые критически важны для жизнеобеспечения.\n\nМы рекомендуем вам купить:\n\n - 2x <b>ТОПЛИВО</b>\n - 2x <b>КИСЛОРОД</b>\n - 2x <b>ВОДА</b>\n - 2x <b>ЕДА</b>\n\n- <b>НАНЯТЬ</b> 5 <b>ЧЛЕНОВ ЭКИПАЖА</b>\n\n<b>ПОДТВЕРДИТЕ</b> заказ, когда закончите.
tutorial_tradebuysmelter | We will also need another <b>SMELTER</b> to begin processing those <b>METALLIC MINERALS</b>.\n\nFind the <b>SMELTER</b> under the <b>INDUSTRY</b> tab and add one to the order. | Нам также понадобится еще одна <b>ПЛАВИЛЬНАЯ ПЕЧЬ</b>, чтобы начать переработку этой <b>ЖЕЛЕЗНОЙ РУДЫ</b>.\n\nНайдите <b>ПЛАВИЛЬНУЮ ПЕЧЬ</b> на вкладке <b>ПРОМЫШЛЕННОСТЬ</b> и добавьте одну в заказ.
tutorial_tradeinstallsmelter | Once those goods have arrived, you should install your second <b>SMELTER</b> somewhere near the first. | Как только эти товары прибудут, вам следует установить вашу вторую <b>ПЛАВИЛЬНУЮ ПЕЧЬ</b> где-нибудь рядом с первой.
tutorial_tradeothersupplies | We can use the <b>TRADE</b> system to buy raw materials to produce more <b>STARGATE FRAMES</b>, as well as resources we will need to survive.\n\nReopen the <b>TRADE</b> screen. | Мы можем использовать систему <b>ТОРГОВЛЯ</b> для покупки сырья для производства большего количества <b>РАМ ЗВЕЗДНЫХ ВРАТ</b>, а также ресурсов, которые нам понадобятся для выживания.\n\nСнова откройте экран <b>ТОРГОВЛЯ</b>.
tutorial_tradesmeltmetallicminerals | Set the <b>SMELTER</b> to process those <b>METALLIC MINERALS</b> you bought into more <b>METAL INGOTS</b>. | Настройте <b>ПЛАВИЛЬНУЮ ПЕЧЬ</b> на переработку купленной <b>ЖЕЛЕЗНОЙ РУДЫ</b> в больше <b>ЖЕЛЕЗНЫХ СЛИТКОВ</b>.
tutorial_tradewaitforsellable | Your crew will now use the equipment to produce some <b>STARGATE FRAMES</b>. | Ваш экипаж теперь будет использовать оборудование для производства <b>РАМ ЗВЕЗДНЫХ ВРАТ</b>.
tutorial_tutorialend | [End of tutorial - Alpha 11] | [Конец обучения - Альфа 11]
tutorial_tutorialskip | Are you sure you wish to skip the tutorial? | Вы уверены, что хотите пропустить обучение?
tutorial_tutorialskipno | RESUME TUTORIAL | ПРОДОЛЖИТЬ ОБУЧЕНИЕ
tutorial_tutorialskipyes | SKIP TUTORIAL | ПРОПУСТИТЬ ОБУЧЕНИЕ
tutorial_wrapup_title | END OF TUTORIAL | КОНЕЦ ОБУЧЕНИЯ
tutorial_wrapup1 | We've covered the basics. You've learnt how to install equipment on your ship, and how to navigate space. | Мы рассмотрели основы. Вы научились устанавливать оборудование на ваш корабль и перемещаться в космосе.
tutorial_wrapup2 | The career you choose is now up to you.  There are many opportunities to choose from, and you'll learn more as you work.\n\nOpen the <b>CONTRACTS</b> board. | Карьера, которую вы выберете, теперь зависит от вас.  Есть много возможностей на выбор, и вы узнаете больше по мере работы.\n\nОткройте доску <b>КОНТРАКТЫ</b>.
tutorial_wrapup3 | Many different types of contract are now available to you.\n\nHowever, you must stay alert, Captain. There are reports of even more lucrative opportunities that you'll have to find by yourself. | Теперь вам доступно много различных типов контрактов.\n\nОднако вы должны оставаться начеку, Капитан. Есть сообщения о еще более прибыльных возможностях, которые вам придется найти самостоятельно.
tutorial_wrapup4 | Keep a keen eye out for special systems on the map, you never know who or what you may find there. | Внимательно следите за особыми системами на карте, вы никогда не знаете, кого или что вы можете там найти.
tutorial_wrapupfinal | Whatever you choose, more instructions will be given when required.\n\nIt's up to you what you do next. | Что бы вы ни выбрали, дополнительные инструкции будут даны при необходимости.\n\nЭто зависит от вас, что вы будете делать дальше.
